replica,row,epoch,step,lr,train_l1,val_psnr,val_ssim,sec
1,d0,1,1414.0,0.0003,0.028221,31.6345,0.81163,62.9
1,d0,2,2828.0,0.0002998,0.025061,31.9047,0.83049,61.7
1,d0,3,4242.0,0.0002992,0.024136,32.4232,0.83544,61.4
1,d0,4,5656.0,0.0002982,0.023408,32.7018,0.84076,61.1
1,d0,5,7070.0,0.0002967,0.023056,32.7889,0.83881,60.9
1,d0,6,8484.0,0.0002949,0.02262,32.7792,0.85423,60.9
1,d0,7,9898.0,0.0002927,0.022309,32.9057,0.85702,60.9
1,d0,8,11312.0,0.00029,0.022165,33.0508,0.85363,60.7
1,d0,9,12726.0,0.000287,0.022015,33.2331,0.85469,60.7
1,d0,10,14140.0,0.0002837,0.021801,33.2551,0.85255,60.8
1,d0,11,15554.0,0.0002799,0.021638,33.2058,0.86183,60.7
1,d0,12,16968.0,0.0002758,0.021465,33.3714,0.8582,60.5
1,d0,13,18382.0,0.0002714,0.02137,33.4968,0.85541,60.6
1,d0,14,19796.0,0.0002666,0.021242,33.5848,0.86328,60.7
1,d0,15,21210.0,0.0002615,0.021137,33.5654,0.85528,60.7
1,d0,16,22624.0,0.0002561,0.021002,33.7048,0.86554,61.4
1,d0,17,24038.0,0.0002504,0.020868,33.4873,0.86735,60.9
1,d0,18,25452.0,0.0002444,0.020829,33.5978,0.86875,60.6
1,d0,19,26866.0,0.0002382,0.020723,33.7095,0.86072,60.6
1,d0,20,28280.0,0.0002317,0.020692,33.8355,0.86287,60.8
1,d0,21,29694.0,0.000225,0.020514,33.8508,0.86591,60.8
1,d0,22,31108.0,0.0002181,0.020537,33.7695,0.86916,61.0
1,d0,23,32522.0,0.000211,0.020413,33.6504,0.87321,61.0
1,d0,24,33936.0,0.0002038,0.020329,33.6597,0.87434,60.8
1,d0,25,35350.0,0.0001964,0.020211,33.8467,0.87472,60.7
1,d0,26,36764.0,0.0001888,0.02017,33.8793,0.87467,61.1
1,d0,27,38178.0,0.0001812,0.02015,33.9453,0.87486,60.7
1,d0,28,39592.0,0.0001735,0.02013,33.9076,0.87473,60.6
1,d0,29,41006.0,0.0001657,0.020067,34.0479,0.87403,60.8
1,d0,30,42420.0,0.0001579,0.01992,33.9706,0.87524,60.6
1,d0,31,43834.0,0.00015,0.019882,34.1359,0.87223,60.6
1,d0,32,45248.0,0.0001421,0.019878,34.1915,0.87282,60.9
1,d0,33,46662.0,0.0001343,0.019752,34.0945,0.87721,60.6
1,d0,34,48076.0,0.0001265,0.019713,33.943,0.87668,60.7
1,d0,35,49490.0,0.0001188,0.019704,34.2033,0.87564,60.8
1,d0,36,50904.0,0.0001112,0.019628,34.2398,0.87775,60.6
1,d0,37,52318.0,0.0001036,0.019579,34.1849,0.87944,60.5
1,d0,38,53732.0,9.624e-05,0.019519,34.2732,0.87838,60.5
1,d0,39,55146.0,8.899e-05,0.019524,34.3219,0.87811,60.5
1,d0,40,56560.0,8.19e-05,0.019478,34.2797,0.87754,60.6
1,d0,41,57974.0,7.5e-05,0.019399,34.3377,0.87543,60.6
1,d0,42,59388.0,6.83e-05,0.019385,34.3559,0.87642,60.8
1,d0,43,60802.0,6.183e-05,0.019368,34.3833,0.87751,60.7
1,d0,44,62216.0,5.56e-05,0.019321,34.3918,0.87925,60.7
1,d0,45,63630.0,4.963e-05,0.019248,34.3809,0.87801,60.9
1,d0,46,65044.0,4.393e-05,0.01926,34.4494,0.87787,60.6
1,d0,47,66458.0,3.853e-05,0.019262,34.4461,0.88025,60.7
1,d0,48,67872.0,3.343e-05,0.019135,34.4517,0.87914,60.8
1,d0,49,69286.0,2.865e-05,0.019196,34.4952,0.87965,60.7
1,d0,50,70700.0,2.42e-05,0.019142,34.5086,0.8781,61.4
1,d0,51,72114.0,2.01e-05,0.019069,34.467,0.88099,61.3
1,d0,52,73528.0,1.635e-05,0.019128,34.5252,0.87915,61.5
1,d0,53,74942.0,1.297e-05,0.019056,34.5156,0.87943,61.1
1,d0,54,76356.0,9.963e-06,0.019069,34.5044,0.88033,61.1
1,d0,55,77770.0,7.342e-06,0.01904,34.5217,0.88077,61.1
1,d0,56,79184.0,5.111e-06,0.019011,34.5285,0.88071,61.1
1,d0,57,80598.0,3.278e-06,0.01902,34.5302,0.88068,61.0
1,d0,58,82012.0,1.847e-06,0.01903,34.5275,0.88099,61.2
1,d0,59,83426.0,8.217e-07,0.019022,34.5282,0.88094,60.9
1,d0,60,84840.0,2.056e-07,0.019047,34.5338,0.88073,61.0
1,d1,1,1414.0,0.0003,0.023874,32.668,0.86147,61.5
1,d1,2,2828.0,0.0002998,0.021444,33.0785,0.87923,61.1
1,d1,3,4242.0,0.0002992,0.020627,33.5484,0.87898,60.8
1,d1,4,5656.0,0.0002982,0.020096,33.7326,0.88546,61.2
1,d1,5,7070.0,0.0002967,0.019815,33.6574,0.89086,61.3
1,d1,6,8484.0,0.0002949,0.019518,33.8364,0.89705,61.0
1,d1,7,9898.0,0.0002927,0.01925,33.9667,0.90125,60.9
1,d1,8,11312.0,0.00029,0.019155,34.1673,0.89875,61.2
1,d1,9,12726.0,0.000287,0.019038,34.2096,0.90118,60.6
1,d1,10,14140.0,0.0002837,0.018845,34.0668,0.8943,60.6
1,d1,11,15554.0,0.0002799,0.01874,34.2254,0.9059,60.6
1,d1,12,16968.0,0.0002758,0.018618,34.3232,0.90197,60.8
1,d1,13,18382.0,0.0002714,0.018561,34.4367,0.90341,60.9
1,d1,14,19796.0,0.0002666,0.018506,34.456,0.90666,61.0
1,d1,15,21210.0,0.0002615,0.018398,34.4567,0.90235,61.1
1,d1,16,22624.0,0.0002561,0.018293,34.5103,0.90539,60.9
1,d1,17,24038.0,0.0002504,0.018255,34.3318,0.911,61.2
1,d1,18,25452.0,0.0002444,0.018185,34.3385,0.91044,61.0
1,d1,19,26866.0,0.0002382,0.018157,34.5582,0.90403,61.1
1,d1,20,28280.0,0.0002317,0.018174,34.5979,0.90637,61.0
1,d1,21,29694.0,0.000225,0.018073,34.6351,0.90988,60.8
1,d1,22,31108.0,0.0002181,0.01801,34.5873,0.91073,60.8
1,d1,23,32522.0,0.000211,0.017981,34.5756,0.91258,61.0
1,d1,24,33936.0,0.0002038,0.017887,34.5579,0.9132,60.9
1,d1,25,35350.0,0.0001964,0.017825,34.6334,0.91383,61.0
1,d1,26,36764.0,0.0001888,0.017815,34.7062,0.91183,60.9
1,d1,27,38178.0,0.0001812,0.017781,34.6939,0.91407,61.1
1,d1,28,39592.0,0.0001735,0.017755,34.7927,0.91137,61.4
1,d1,29,41006.0,0.0001657,0.017737,34.8286,0.91219,61.1
1,d1,30,42420.0,0.0001579,0.017624,34.8404,0.91351,61.3
1,d1,31,43834.0,0.00015,0.017596,34.8045,0.91288,61.2
1,d1,32,45248.0,0.0001421,0.017623,34.8113,0.91347,61.2
1,d1,33,46662.0,0.0001343,0.017542,34.8466,0.91483,60.8
1,d1,34,48076.0,0.0001265,0.017504,34.7338,0.91555,61.1
1,d1,35,49490.0,0.0001188,0.017504,34.9076,0.91456,60.9
1,d1,36,50904.0,0.0001112,0.017464,34.907,0.91616,61.0
1,d1,37,52318.0,0.0001036,0.017447,34.8506,0.91634,60.7
1,d1,38,53732.0,9.624e-05,0.017381,34.8808,0.91534,60.7
1,d1,39,55146.0,8.899e-05,0.017375,34.9239,0.9159,60.9
1,d1,40,56560.0,8.19e-05,0.017387,34.9642,0.91329,60.9
1,d1,41,57974.0,7.5e-05,0.017317,34.9906,0.91369,60.9
1,d1,42,59388.0,6.83e-05,0.017287,34.9454,0.91542,60.8
1,d1,43,60802.0,6.183e-05,0.017256,34.9968,0.91663,61.0
1,d1,44,62216.0,5.56e-05,0.017264,34.9481,0.91663,60.8
1,d1,45,63630.0,4.963e-05,0.017258,35.002,0.91423,60.7
1,d1,46,65044.0,4.393e-05,0.017274,35.0246,0.91529,60.7
1,d1,47,66458.0,3.853e-05,0.017245,34.9963,0.91741,61.0
1,d1,48,67872.0,3.343e-05,0.017195,35.0006,0.91655,60.9
1,d1,49,69286.0,2.865e-05,0.017207,35.0408,0.91622,60.9
1,d1,50,70700.0,2.42e-05,0.017166,35.0656,0.91575,61.1
1,d1,51,72114.0,2.01e-05,0.017125,35.0319,0.91723,60.9
1,d1,52,73528.0,1.635e-05,0.017168,35.0753,0.91668,60.9
1,d1,53,74942.0,1.297e-05,0.017102,35.088,0.91644,60.9
1,d1,54,76356.0,9.963e-06,0.017144,35.0636,0.91724,61.0
1,d1,55,77770.0,7.342e-06,0.017081,35.0934,0.91698,61.2
1,d1,56,79184.0,5.111e-06,0.017083,35.0912,0.91692,61.1
1,d1,57,80598.0,3.278e-06,0.017148,35.097,0.91702,61.0
1,d1,58,82012.0,1.847e-06,0.017097,35.0974,0.91741,61.2
1,d1,59,83426.0,8.217e-07,0.017078,35.0937,0.91734,60.7
1,d1,60,84840.0,2.056e-07,0.017099,35.0974,0.9172,60.5
1,d15,1,1414.0,0.0003,0.020781,33.6957,0.89739,62.3
1,d15,2,2828.0,0.0002998,0.019694,33.9629,0.90246,61.8
1,d15,3,4242.0,0.0002992,0.019395,34.0857,0.90063,62.1
1,d15,4,5656.0,0.0002982,0.019189,34.1152,0.90237,61.6
1,d15,5,7070.0,0.0002967,0.01909,33.9498,0.90333,62.0
1,d15,6,8484.0,0.0002949,0.019069,34.2505,0.90225,61.8
1,d15,7,9898.0,0.0002927,0.018993,34.2154,0.90561,62.3
1,d15,8,11312.0,0.00029,0.018965,34.3594,0.90492,62.6
1,d15,9,12726.0,0.000287,0.018871,34.2172,0.90552,62.6
1,d15,10,14140.0,0.0002837,0.018778,34.3935,0.90538,62.4
1,d15,11,15554.0,0.0002799,0.018688,34.3149,0.90739,62.3
1,d15,12,16968.0,0.0002758,0.018644,34.1957,0.90711,62.0
1,d15,13,18382.0,0.0002714,0.018627,34.4406,0.90338,62.2
1,d15,14,19796.0,0.0002666,0.018569,34.424,0.9082,62.0
1,d15,15,21210.0,0.0002615,0.018527,34.4799,0.9054,62.3
1,d15,16,22624.0,0.0002561,0.018475,34.5261,0.90877,62.2
1,d15,17,24038.0,0.0002504,0.018434,34.4276,0.90895,62.3
1,d15,18,25452.0,0.0002444,0.018418,34.4674,0.90911,62.3
1,d15,19,26866.0,0.0002382,0.018398,34.6126,0.90768,62.4
1,d15,20,28280.0,0.0002317,0.018351,34.5811,0.90881,62.2
1,d15,21,29694.0,0.000225,0.01825,34.5696,0.90715,62.5
1,d15,22,31108.0,0.0002181,0.018292,34.54,0.90959,62.5
1,d15,23,32522.0,0.000211,0.018296,34.5103,0.91047,62.6
1,d15,24,33936.0,0.0002038,0.018218,34.482,0.91137,62.5
1,d15,25,35350.0,0.0001964,0.018143,34.5939,0.91134,62.2
1,d15,26,36764.0,0.0001888,0.018125,34.6684,0.90975,62.2
1,d15,27,38178.0,0.0001812,0.018087,34.6814,0.91002,62.6
1,d15,28,39592.0,0.0001735,0.018138,34.6746,0.9101,62.5
1,d15,29,41006.0,0.0001657,0.018101,34.7194,0.90949,62.2
1,d15,30,42420.0,0.0001579,0.017966,34.7077,0.9115,62.3
1,d15,31,43834.0,0.00015,0.017865,34.7547,0.91309,62.3
1,d15,32,45248.0,0.0001421,0.017865,34.8202,0.91292,62.2
1,d15,33,46662.0,0.0001343,0.017784,34.7532,0.91147,62.6
1,d15,34,48076.0,0.0001265,0.017779,34.8119,0.91403,62.1
1,d15,35,49490.0,0.0001188,0.017714,34.8099,0.91413,62.3
1,d15,36,50904.0,0.0001112,0.017671,34.8136,0.91332,62.6
1,d15,37,52318.0,0.0001036,0.017574,34.8782,0.91635,62.2
1,d15,38,53732.0,9.624e-05,0.017522,34.9291,0.91415,62.2
1,d15,39,55146.0,8.899e-05,0.017548,34.8269,0.91659,62.0
1,d15,40,56560.0,8.19e-05,0.017493,34.9316,0.91479,62.3
1,d15,41,57974.0,7.5e-05,0.017432,34.993,0.91741,62.0
1,d15,42,59388.0,6.83e-05,0.017382,35.0093,0.91774,62.2
1,d15,43,60802.0,6.183e-05,0.017378,34.9541,0.91856,62.3
1,d15,44,62216.0,5.56e-05,0.017297,35.0139,0.91826,62.3
1,d15,45,63630.0,4.963e-05,0.017242,35.048,0.91907,62.1
1,d15,46,65044.0,4.393e-05,0.017244,35.0532,0.91852,62.4
1,d15,47,66458.0,3.853e-05,0.017244,35.0767,0.91928,62.2
1,d15,48,67872.0,3.343e-05,0.017094,35.0783,0.91957,62.1
1,d15,49,69286.0,2.865e-05,0.017183,35.1003,0.91966,62.3
1,d15,50,70700.0,2.42e-05,0.017183,35.1043,0.91869,62.2
1,d15,51,72114.0,2.01e-05,0.017142,35.0924,0.92022,62.3
1,d15,52,73528.0,1.635e-05,0.017102,35.1265,0.91989,62.3
1,d15,53,74942.0,1.297e-05,0.017128,35.1355,0.92017,62.3
1,d15,54,76356.0,9.963e-06,0.017156,35.115,0.9207,62.3
1,d15,55,77770.0,7.342e-06,0.017084,35.1401,0.92049,62.1
1,d15,56,79184.0,5.111e-06,0.016996,35.1466,0.92036,62.2
1,d15,57,80598.0,3.278e-06,0.017002,35.1399,0.92061,62.3
1,d15,58,82012.0,1.847e-06,0.017055,35.1366,0.92075,62.3
1,d15,59,83426.0,8.217e-07,0.016995,35.1447,0.9207,62.1
1,d15,60,84840.0,2.056e-07,0.017087,35.1463,0.92062,62.4
1,d2,1,1414.0,0.0003,0.023126,33.0038,0.87048,62.5
1,d2,2,2828.0,0.0002998,0.021902,33.1761,0.87629,62.1
1,d2,3,4242.0,0.0002992,0.021589,33.2501,0.87589,62.4
1,d2,4,5656.0,0.0002982,0.021333,33.3587,0.87578,62.4
1,d2,5,7070.0,0.0002967,0.021253,33.3008,0.87951,62.2
1,d2,6,8484.0,0.0002949,0.021179,33.4257,0.87915,62.2
1,d2,7,9898.0,0.0002927,0.021067,33.3747,0.88229,62.1
1,d2,8,11312.0,0.00029,0.020991,33.5948,0.88035,61.9
1,d2,9,12726.0,0.000287,0.020872,33.5472,0.88373,62.1
1,d2,10,14140.0,0.0002837,0.02079,33.4485,0.88414,61.9
1,d2,11,15554.0,0.0002799,0.020684,33.6274,0.88405,62.0
1,d2,12,16968.0,0.0002758,0.020644,33.6564,0.88214,62.0
1,d2,13,18382.0,0.0002714,0.020572,33.6231,0.87867,61.7
1,d2,14,19796.0,0.0002666,0.020538,33.6591,0.88661,61.7
1,d2,15,21210.0,0.0002615,0.020486,33.8289,0.88443,61.8
1,d2,16,22624.0,0.0002561,0.020429,33.839,0.88571,61.9
1,d2,17,24038.0,0.0002504,0.02039,33.6719,0.88634,62.0
1,d2,18,25452.0,0.0002444,0.02037,33.5952,0.88719,61.9
1,d2,19,26866.0,0.0002382,0.020338,33.8172,0.88588,62.1
1,d2,20,28280.0,0.0002317,0.020296,33.8112,0.88463,62.5
1,d2,21,29694.0,0.000225,0.020174,33.8759,0.88536,62.3
1,d2,22,31108.0,0.0002181,0.020252,33.8042,0.88677,62.2
1,d2,23,32522.0,0.000211,0.020243,33.8374,0.88756,62.5
1,d2,24,33936.0,0.0002038,0.020143,33.9008,0.88963,62.4
1,d2,25,35350.0,0.0001964,0.020084,33.8563,0.88814,62.5
1,d2,26,36764.0,0.0001888,0.020058,33.895,0.88816,62.1
1,d2,27,38178.0,0.0001812,0.020026,33.9387,0.88773,61.9
1,d2,28,39592.0,0.0001735,0.020113,33.9547,0.88779,62.3
1,d2,29,41006.0,0.0001657,0.020073,33.9245,0.88702,62.5
1,d2,30,42420.0,0.0001579,0.019967,33.9826,0.88856,62.5
1,d2,31,43834.0,0.00015,0.019907,34.0109,0.88926,62.6
1,d2,32,45248.0,0.0001421,0.019949,34.005,0.88968,62.2
1,d2,33,46662.0,0.0001343,0.019857,34.0611,0.88809,62.0
1,d2,34,48076.0,0.0001265,0.019857,33.9461,0.89151,62.5
1,d2,35,49490.0,0.0001188,0.019825,34.0689,0.88962,62.4
1,d2,36,50904.0,0.0001112,0.019829,34.0108,0.89056,62.5
1,d2,37,52318.0,0.0001036,0.019745,33.992,0.88989,62.5
1,d2,38,53732.0,9.624e-05,0.019719,34.0435,0.89128,62.3
1,d2,39,55146.0,8.899e-05,0.019765,34.098,0.89072,62.1
1,d2,40,56560.0,8.19e-05,0.019728,34.1006,0.89043,62.0
1,d2,41,57974.0,7.5e-05,0.019657,34.1047,0.88994,61.9
1,d2,42,59388.0,6.83e-05,0.019671,34.0331,0.89219,61.9
1,d2,43,60802.0,6.183e-05,0.019648,34.0132,0.8897,62.1
1,d2,44,62216.0,5.56e-05,0.019612,34.0978,0.89253,62.2
1,d2,45,63630.0,4.963e-05,0.019553,34.1249,0.8924,62.3
1,d2,46,65044.0,4.393e-05,0.019617,34.1535,0.89233,62.2
1,d2,47,66458.0,3.853e-05,0.019606,34.1506,0.89244,61.6
1,d2,48,67872.0,3.343e-05,0.019444,34.1774,0.89276,61.5
1,d2,49,69286.0,2.865e-05,0.019571,34.1761,0.8921,61.6
1,d2,50,70700.0,2.42e-05,0.019601,34.1659,0.89302,61.6
1,d2,51,72114.0,2.01e-05,0.019534,34.1617,0.89308,61.5
1,d2,52,73528.0,1.635e-05,0.019544,34.1728,0.8934,61.5
1,d2,53,74942.0,1.297e-05,0.019532,34.1798,0.89299,61.7
1,d2,54,76356.0,9.963e-06,0.019577,34.1928,0.89376,61.5
1,d2,55,77770.0,7.342e-06,0.019497,34.1864,0.89304,61.5
1,d2,56,79184.0,5.111e-06,0.019407,34.2039,0.89299,61.4
1,d2,57,80598.0,3.278e-06,0.019449,34.1895,0.89299,61.4
1,d2,58,82012.0,1.847e-06,0.019482,34.1929,0.89324,61.4
1,d2,59,83426.0,8.217e-07,0.019434,34.1965,0.89333,61.5
1,d2,60,84840.0,2.056e-07,0.019536,34.1967,0.89325,61.6
1,d3,1,1414.0,0.0003,0.03746,28.0018,0.70584,1070.0
1,d3,2,2828.0,0.0002998,0.037114,27.9998,0.709,1073.1
1,d3,3,4242.0,0.0002992,0.036795,28.1697,0.71027,1068.0
1,d3,4,5656.0,0.0002982,0.036452,28.1134,0.71182,1068.7
1,d3,5,7070.0,0.0002967,0.036343,28.2122,0.71482,1069.3
1,d3,6,8484.0,0.0002949,0.036096,28.1525,0.71734,1068.3
1,d3,7,9898.0,0.0002927,0.035884,28.1188,0.71659,1068.1
1,d3,8,11312.0,0.00029,0.035774,28.2174,0.72027,1069.8
1,d3,9,12726.0,0.000287,0.035682,28.1997,0.71942,1070.6
1,d3,10,14140.0,0.0002837,0.035546,28.2733,0.72129,1069.0
1,d3,11,15554.0,0.0002799,0.035518,28.2706,0.72126,1066.1
1,d3,12,16968.0,0.0002758,0.035442,28.3564,0.72172,1066.8
1,d3,13,18382.0,0.0002714,0.035367,28.3215,0.7234,1067.3
1,d3,14,19796.0,0.0002666,0.035295,28.3824,0.72286,1069.8
1,d3,15,21210.0,0.0002615,0.03524,28.3348,0.7244,1069.0
1,d3,16,22624.0,0.0002561,0.035197,28.3531,0.72429,1071.4
1,d3,17,24038.0,0.0002504,0.035108,28.368,0.72485,1072.3
1,d3,18,25452.0,0.0002444,0.03511,28.2655,0.72731,1071.9
1,d3,19,26866.0,0.0002382,0.0351,28.3948,0.72677,1069.9
1,d3,20,28280.0,0.0002317,0.035078,28.3947,0.7268,1069.3
1,d3,21,29694.0,0.000225,0.034918,28.4472,0.72566,1070.5
1,d3,22,31108.0,0.0002181,0.034989,28.3287,0.72868,1070.7
1,d3,23,32522.0,0.000211,0.034937,28.3788,0.72705,1069.4
1,d3,24,33936.0,0.0002038,0.034848,28.3988,0.72873,1069.8
1,d3,25,35350.0,0.0001964,0.034782,28.4654,0.72779,1070.3
1,d3,26,36764.0,0.0001888,0.034834,28.483,0.72864,1070.0
1,d3,27,38178.0,0.0001812,0.034781,28.5305,0.7262,1070.4
1,d3,28,39592.0,0.0001735,0.034789,28.4995,0.72903,1071.0
1,d3,29,41006.0,0.0001657,0.034818,28.4736,0.72843,1071.8
1,d3,30,42420.0,0.0001579,0.034647,28.5501,0.72904,1071.9
1,d3,31,43834.0,0.00015,0.034697,28.4948,0.72914,1073.9
1,d3,32,45248.0,0.0001421,0.034718,28.5517,0.73016,1072.3
1,d3,33,46662.0,0.0001343,0.03462,28.5605,0.73057,1072.6
1,d3,34,48076.0,0.0001265,0.034625,28.5429,0.73053,1071.5
1,d3,35,49490.0,0.0001188,0.034585,28.5444,0.72928,1073.0
1,d3,36,50904.0,0.0001112,0.03459,28.5589,0.73056,1074.4
1,d3,37,52318.0,0.0001036,0.034565,28.5558,0.73031,1073.0
1,d3,38,53732.0,9.624e-05,0.034486,28.4672,0.73076,1073.3
1,d3,39,55146.0,8.899e-05,0.03452,28.5517,0.73108,1073.6
1,d3,40,56560.0,8.19e-05,0.034471,28.5492,0.73205,1072.1
1,d3,41,57974.0,7.5e-05,0.034425,28.4738,0.73203,1073.5
1,d3,42,59388.0,6.83e-05,0.03444,28.5535,0.7319,1072.0
1,d3,43,60802.0,6.183e-05,0.03441,28.5262,0.73123,1070.7
1,d3,44,62216.0,5.56e-05,0.034411,28.5162,0.73179,1072.6
1,d3,45,63630.0,4.963e-05,0.034336,28.5779,0.73232,1072.4
1,d3,46,65044.0,4.393e-05,0.034375,28.5765,0.73289,1072.7
1,d3,47,66458.0,3.853e-05,0.034396,28.5754,0.73237,1070.3
1,d3,48,67872.0,3.343e-05,0.034301,28.5947,0.73236,1071.7
1,d3,49,69286.0,2.865e-05,0.034387,28.5775,0.73215,1069.1
1,d3,50,70700.0,2.42e-05,0.034334,28.6258,0.73214,1070.6
1,d3,51,72114.0,2.01e-05,0.034311,28.6083,0.73303,1071.0
1,d3,52,73528.0,1.635e-05,0.034364,28.6148,0.73297,1070.1
1,d3,53,74942.0,1.297e-05,0.034307,28.6195,0.73316,1070.3
1,d3,54,76356.0,9.963e-06,0.034314,28.6079,0.7329,1070.8
1,d3,55,77770.0,7.342e-06,0.034235,28.6208,0.7331,1071.4
1,d3,56,79184.0,5.111e-06,0.03425,28.6376,0.73292,1070.4
1,d3,57,80598.0,3.278e-06,0.034304,28.6276,0.73314,1070.3
1,d3,58,82012.0,1.847e-06,0.03427,28.6287,0.73311,1071.4
1,d3,59,83426.0,8.217e-07,0.03427,28.6287,0.73313,1072.7
1,d3,60,84840.0,2.056e-07,0.034292,28.6319,0.73312,1057.3
1,d3n,1,1414.0,0.0003,0.038209,27.5433,0.69903,1060.6
1,d3n,2,2828.0,0.0002998,0.037527,27.6146,0.70399,1054.6
1,d3n,3,4242.0,0.0002992,0.03729,27.7574,0.70145,1057.7
1,d3n,4,5656.0,0.0002982,0.037055,27.7637,0.70535,1061.2
1,d3n,5,7070.0,0.0002967,0.037044,27.7991,0.70492,1063.2
1,d3n,6,8484.0,0.0002949,0.036916,27.8158,0.70599,1059.2
1,d3n,7,9898.0,0.0002927,0.036793,27.7325,0.70778,1061.4
1,d3n,8,11312.0,0.00029,0.036778,27.7872,0.70813,1060.5
1,d3n,9,12726.0,0.000287,0.03672,27.8786,0.70655,1057.1
1,d3n,10,14140.0,0.0002837,0.036627,27.7713,0.70866,1059.6
1,d3n,11,15554.0,0.0002799,0.036635,27.8551,0.7077,1059.1
1,d3n,12,16968.0,0.0002758,0.036601,27.9297,0.70808,1056.4
1,d3n,13,18382.0,0.0002714,0.036551,27.8347,0.70889,1060.6
1,d3n,14,19796.0,0.0002666,0.036512,27.9511,0.70909,1058.6
1,d3n,15,21210.0,0.0002615,0.036469,27.9,0.70924,1058.5
1,d3n,16,22624.0,0.0002561,0.036435,27.8938,0.70937,1060.2
1,d3n,17,24038.0,0.0002504,0.036373,27.8364,0.70963,1058.4
1,d3n,18,25452.0,0.0002444,0.03641,27.9029,0.71075,1061.2
1,d3n,19,26866.0,0.0002382,0.036402,27.9279,0.71153,1060.7
1,d3n,20,28280.0,0.0002317,0.036399,27.9232,0.71082,1061.5
1,d3n,21,29694.0,0.000225,0.036253,27.9427,0.71004,1062.1
1,d3n,22,31108.0,0.0002181,0.036335,27.9171,0.71183,1065.3
1,d3n,23,32522.0,0.000211,0.036292,27.9302,0.70999,1061.7
1,d3n,24,33936.0,0.0002038,0.036223,27.9179,0.7115,1060.4
1,d3n,25,35350.0,0.0001964,0.036178,27.9843,0.71093,1061.1
1,d3n,26,36764.0,0.0001888,0.036227,27.9553,0.70996,1061.4
1,d3n,27,38178.0,0.0001812,0.036196,27.9757,0.71083,1059.5
1,d3n,28,39592.0,0.0001735,0.036189,27.9416,0.71157,1062.1
1,d3n,29,41006.0,0.0001657,0.036249,27.9287,0.71126,1064.6
1,d3n,30,42420.0,0.0001579,0.036106,27.9529,0.71087,1060.8
1,d3n,31,43834.0,0.00015,0.036153,28.0136,0.71148,1062.2
1,d3n,32,45248.0,0.0001421,0.036181,28.0205,0.71223,1063.1
1,d3n,33,46662.0,0.0001343,0.036085,27.9834,0.71262,1060.8
1,d3n,34,48076.0,0.0001265,0.036097,27.972,0.71163,1059.9
1,d3n,35,49490.0,0.0001188,0.03607,27.9336,0.71215,1062.9
1,d3n,36,50904.0,0.0001112,0.036087,28.0102,0.71287,1063.2
1,d3n,37,52318.0,0.0001036,0.036059,28.0107,0.71278,1058.6
1,d3n,38,53732.0,9.624e-05,0.035989,27.9901,0.71259,1059.1
1,d3n,39,55146.0,8.899e-05,0.036048,27.9695,0.71226,1064.2
1,d3n,40,56560.0,8.19e-05,0.035993,28.0408,0.71348,1062.2
1,d3n,41,57974.0,7.5e-05,0.035959,28.0127,0.71321,1062.8
1,d3n,42,59388.0,6.83e-05,0.035987,28.0434,0.71292,1060.5
1,d3n,43,60802.0,6.183e-05,0.035961,28.015,0.71291,1060.4
1,d3n,44,62216.0,5.56e-05,0.035961,28.0366,0.71389,1061.0
1,d3n,45,63630.0,4.963e-05,0.035898,28.0302,0.71344,1061.5
1,d3n,46,65044.0,4.393e-05,0.035947,28.0244,0.71406,1061.1
1,d3n,47,66458.0,3.853e-05,0.035961,28.0403,0.7136,1058.1
1,d3n,48,67872.0,3.343e-05,0.035888,28.0552,0.71383,1062.6
1,d3n,49,69286.0,2.865e-05,0.035976,28.0541,0.71354,1062.3
1,d3n,50,70700.0,2.42e-05,0.035913,28.0803,0.71346,1060.2
1,d3n,51,72114.0,2.01e-05,0.035901,28.0412,0.71396,1062.6
1,d3n,52,73528.0,1.635e-05,0.035958,28.0508,0.71394,1060.3
1,d3n,53,74942.0,1.297e-05,0.035902,28.0571,0.71373,1058.1
1,d3n,54,76356.0,9.963e-06,0.035907,28.0532,0.71373,1059.8
1,d3n,55,77770.0,7.342e-06,0.035854,28.0565,0.71379,1063.7
1,d3n,56,79184.0,5.111e-06,0.035861,28.0625,0.7139,1061.5
1,d3n,57,80598.0,3.278e-06,0.035914,28.0653,0.71393,1059.3
1,d3n,58,82012.0,1.847e-06,0.035881,28.0634,0.71392,1064.2
1,d3n,59,83426.0,8.217e-07,0.035892,28.0599,0.71391,1057.8
1,d3n,60,84840.0,2.056e-07,0.035896,28.0616,0.71391,1059.9
2,d0,1,1414.0,0.0003,0.027851,31.5234,0.8244,62.0
2,d0,2,2828.0,0.0002998,0.025045,32.137,0.83322,61.7
2,d0,3,4242.0,0.0002992,0.02417,32.1385,0.84776,62.0
2,d0,4,5656.0,0.0002982,0.023516,32.5439,0.85195,61.9
2,d0,5,7070.0,0.0002967,0.023066,32.7323,0.8455,61.7
2,d0,6,8484.0,0.0002949,0.022802,32.9366,0.86049,61.5
2,d0,7,9898.0,0.0002927,0.02252,32.9719,0.86113,61.4
2,d0,8,11312.0,0.00029,0.022337,32.9961,0.85512,61.5
2,d0,9,12726.0,0.000287,0.02214,33.3376,0.86429,61.6
2,d0,10,14140.0,0.0002837,0.021849,33.1392,0.86545,61.1
2,d0,11,15554.0,0.0002799,0.021767,33.4941,0.87106,61.3
2,d0,12,16968.0,0.0002758,0.021626,33.5529,0.867,61.7
2,d0,13,18382.0,0.0002714,0.021472,33.5672,0.87107,61.8
2,d0,14,19796.0,0.0002666,0.021304,33.583,0.87385,61.7
2,d0,15,21210.0,0.0002615,0.02117,33.3834,0.87384,61.4
2,d0,16,22624.0,0.0002561,0.020975,33.8024,0.87463,61.4
2,d0,17,24038.0,0.0002504,0.02098,33.8163,0.87343,61.5
2,d0,18,25452.0,0.0002444,0.02088,33.9306,0.87903,61.5
2,d0,19,26866.0,0.0002382,0.020738,33.9739,0.87772,61.3
2,d0,20,28280.0,0.0002317,0.020655,34.012,0.87735,61.4
2,d0,21,29694.0,0.000225,0.020602,34.0554,0.87653,61.3
2,d0,22,31108.0,0.0002181,0.020461,33.7,0.88209,61.4
2,d0,23,32522.0,0.000211,0.020339,33.8646,0.88298,61.2
2,d0,24,33936.0,0.0002038,0.020287,33.9536,0.88154,61.4
2,d0,25,35350.0,0.0001964,0.020258,34.1606,0.88085,61.2
2,d0,26,36764.0,0.0001888,0.020186,34.1177,0.87324,61.2
2,d0,27,38178.0,0.0001812,0.020196,34.2028,0.88042,61.1
2,d0,28,39592.0,0.0001735,0.02004,34.2688,0.88244,61.0
2,d0,29,41006.0,0.0001657,0.020077,34.3508,0.88298,61.1
2,d0,30,42420.0,0.0001579,0.019924,34.3759,0.88003,61.2
2,d0,31,43834.0,0.00015,0.01984,34.3121,0.88317,61.1
2,d0,32,45248.0,0.0001421,0.019847,34.3956,0.88327,61.2
2,d0,33,46662.0,0.0001343,0.019703,34.4647,0.88658,61.4
2,d0,34,48076.0,0.0001265,0.019697,34.4729,0.88463,61.3
2,d0,35,49490.0,0.0001188,0.01963,34.5198,0.88502,61.1
2,d0,36,50904.0,0.0001112,0.019686,34.4708,0.88399,61.2
2,d0,37,52318.0,0.0001036,0.01959,34.2692,0.88968,61.1
2,d0,38,53732.0,9.624e-05,0.019509,34.5137,0.88825,61.2
2,d0,39,55146.0,8.899e-05,0.019531,34.5024,0.88912,61.3
2,d0,40,56560.0,8.19e-05,0.019447,34.6161,0.88567,61.5
2,d0,41,57974.0,7.5e-05,0.019411,34.3049,0.88997,61.5
2,d0,42,59388.0,6.83e-05,0.019274,34.5559,0.88914,61.3
2,d0,43,60802.0,6.183e-05,0.019301,34.6708,0.88755,61.1
2,d0,44,62216.0,5.56e-05,0.01931,34.6311,0.88926,61.3
2,d0,45,63630.0,4.963e-05,0.01923,34.6141,0.89024,61.4
2,d0,46,65044.0,4.393e-05,0.019224,34.6555,0.89041,61.4
2,d0,47,66458.0,3.853e-05,0.019196,34.6712,0.88973,61.7
2,d0,48,67872.0,3.343e-05,0.0191,34.7237,0.88955,61.6
2,d0,49,69286.0,2.865e-05,0.019117,34.7386,0.88882,61.5
2,d0,50,70700.0,2.42e-05,0.019101,34.7227,0.89023,61.3
2,d0,51,72114.0,2.01e-05,0.019072,34.7624,0.8888,61.2
2,d0,52,73528.0,1.635e-05,0.019119,34.7499,0.88943,61.3
2,d0,53,74942.0,1.297e-05,0.019059,34.7569,0.8893,61.4
2,d0,54,76356.0,9.963e-06,0.01905,34.7776,0.88919,61.2
2,d0,55,77770.0,7.342e-06,0.018995,34.7799,0.89017,61.4
2,d0,56,79184.0,5.111e-06,0.019051,34.7983,0.89012,61.7
2,d0,57,80598.0,3.278e-06,0.01907,34.7853,0.89059,61.5
2,d0,58,82012.0,1.847e-06,0.019078,34.7886,0.89013,61.3
2,d0,59,83426.0,8.217e-07,0.019016,34.7875,0.89037,61.4
2,d0,60,84840.0,2.056e-07,0.018947,34.7889,0.89035,61.6
2,d1,1,1414.0,0.0003,0.023539,32.9342,0.87604,62.2
2,d1,2,2828.0,0.0002998,0.021358,33.3077,0.88482,61.8
2,d1,3,4242.0,0.0002992,0.020591,33.486,0.8935,61.6
2,d1,4,5656.0,0.0002982,0.020133,33.7667,0.89672,61.7
2,d1,5,7070.0,0.0002967,0.019758,33.7382,0.89132,61.6
2,d1,6,8484.0,0.0002949,0.019581,34.0736,0.90032,61.6
2,d1,7,9898.0,0.0002927,0.019316,33.9075,0.90595,61.6
2,d1,8,11312.0,0.00029,0.019165,34.1428,0.90045,61.8
2,d1,9,12726.0,0.000287,0.019026,34.1858,0.90556,62.0
2,d1,10,14140.0,0.0002837,0.01878,34.1713,0.90725,61.9
2,d1,11,15554.0,0.0002799,0.01874,34.2887,0.90985,61.8
2,d1,12,16968.0,0.0002758,0.018652,34.3941,0.90692,61.6
2,d1,13,18382.0,0.0002714,0.018614,34.3932,0.91058,61.7
2,d1,14,19796.0,0.0002666,0.018527,34.4516,0.90924,61.5
2,d1,15,21210.0,0.0002615,0.018369,34.2911,0.91358,61.4
2,d1,16,22624.0,0.0002561,0.018303,34.5563,0.91189,61.4
2,d1,17,24038.0,0.0002504,0.018288,34.6022,0.91206,61.4
2,d1,18,25452.0,0.0002444,0.018235,34.5063,0.91317,61.5
2,d1,19,26866.0,0.0002382,0.018154,34.4599,0.91219,61.6
2,d1,20,28280.0,0.0002317,0.018068,34.6526,0.91318,61.6
2,d1,21,29694.0,0.000225,0.018008,34.6206,0.91629,61.5
2,d1,22,31108.0,0.0002181,0.017975,34.7173,0.91434,61.5
2,d1,23,32522.0,0.000211,0.017944,34.5902,0.9171,61.8
2,d1,24,33936.0,0.0002038,0.017867,34.6062,0.9173,61.8
2,d1,25,35350.0,0.0001964,0.017848,34.7795,0.91563,61.7
2,d1,26,36764.0,0.0001888,0.017791,34.8046,0.91455,61.5
2,d1,27,38178.0,0.0001812,0.017767,34.7264,0.9154,61.9
2,d1,28,39592.0,0.0001735,0.017714,34.8632,0.91552,61.8
2,d1,29,41006.0,0.0001657,0.017739,34.8324,0.91541,61.3
2,d1,30,42420.0,0.0001579,0.017628,34.9254,0.91389,61.3
2,d1,31,43834.0,0.00015,0.017602,34.8063,0.91768,61.4
2,d1,32,45248.0,0.0001421,0.017586,34.926,0.91818,61.4
2,d1,33,46662.0,0.0001343,0.01754,34.9707,0.91619,61.5
2,d1,34,48076.0,0.0001265,0.017491,34.9674,0.91862,61.5
2,d1,35,49490.0,0.0001188,0.017488,34.9927,0.91729,61.4
2,d1,36,50904.0,0.0001112,0.017505,34.905,0.91763,61.4
2,d1,37,52318.0,0.0001036,0.017439,34.9471,0.9207,61.5
2,d1,38,53732.0,9.624e-05,0.017388,35.0196,0.92032,61.4
2,d1,39,55146.0,8.899e-05,0.01739,34.968,0.92147,61.4
2,d1,40,56560.0,8.19e-05,0.017349,35.0513,0.91827,61.8
2,d1,41,57974.0,7.5e-05,0.017333,34.8756,0.92139,61.3
2,d1,42,59388.0,6.83e-05,0.017249,35.0516,0.92104,61.6
2,d1,43,60802.0,6.183e-05,0.017277,35.075,0.91985,61.3
2,d1,44,62216.0,5.56e-05,0.017269,35.0604,0.92055,61.5
2,d1,45,63630.0,4.963e-05,0.017211,35.0807,0.9214,61.8
2,d1,46,65044.0,4.393e-05,0.017249,35.0973,0.92157,61.4
2,d1,47,66458.0,3.853e-05,0.017178,35.0423,0.92256,61.6
2,d1,48,67872.0,3.343e-05,0.017155,35.1046,0.92123,61.7
2,d1,49,69286.0,2.865e-05,0.017172,35.1528,0.921,61.5
2,d1,50,70700.0,2.42e-05,0.017145,35.1422,0.92114,61.6
2,d1,51,72114.0,2.01e-05,0.017098,35.155,0.92072,61.6
2,d1,52,73528.0,1.635e-05,0.01714,35.1592,0.92082,61.7
2,d1,53,74942.0,1.297e-05,0.017086,35.1737,0.92121,61.7
2,d1,54,76356.0,9.963e-06,0.017124,35.1598,0.92202,61.6
2,d1,55,77770.0,7.342e-06,0.017077,35.1762,0.92127,61.1
2,d1,56,79184.0,5.111e-06,0.017125,35.1717,0.9215,61.0
2,d1,57,80598.0,3.278e-06,0.017086,35.1719,0.9219,61.0
2,d1,58,82012.0,1.847e-06,0.017119,35.1703,0.92181,60.9
2,d1,59,83426.0,8.217e-07,0.017074,35.1754,0.92185,60.9
2,d1,60,84840.0,2.056e-07,0.017028,35.175,0.92191,61.1
2,d15,1,1414.0,0.0003,0.020754,33.812,0.90233,63.0
2,d15,2,2828.0,0.0002998,0.019681,34.018,0.90543,62.5
2,d15,3,4242.0,0.0002992,0.019313,34.0613,0.90513,62.1
2,d15,4,5656.0,0.0002982,0.01921,34.0351,0.90721,62.1
2,d15,5,7070.0,0.0002967,0.019135,34.0924,0.90779,62.2
2,d15,6,8484.0,0.0002949,0.019126,34.0495,0.90955,61.9
2,d15,7,9898.0,0.0002927,0.019038,34.3561,0.9084,61.9
2,d15,8,11312.0,0.00029,0.018893,34.25,0.90873,62.0
2,d15,9,12726.0,0.000287,0.018918,34.2162,0.90984,61.9
2,d15,10,14140.0,0.0002837,0.018839,34.4858,0.90739,61.7
2,d15,11,15554.0,0.0002799,0.018793,34.451,0.90992,61.9
2,d15,12,16968.0,0.0002758,0.018802,34.4737,0.9115,61.6
2,d15,13,18382.0,0.0002714,0.018679,34.4546,0.91166,62.2
2,d15,14,19796.0,0.0002666,0.018701,34.4672,0.91147,61.9
2,d15,15,21210.0,0.0002615,0.0186,34.5591,0.91106,62.2
2,d15,16,22624.0,0.0002561,0.018479,34.4648,0.91335,62.2
2,d15,17,24038.0,0.0002504,0.018469,34.6081,0.91125,62.1
2,d15,18,25452.0,0.0002444,0.018542,34.6429,0.91165,61.9
2,d15,19,26866.0,0.0002382,0.018385,34.5382,0.91353,61.6
2,d15,20,28280.0,0.0002317,0.018414,34.7361,0.91202,62.4
2,d15,21,29694.0,0.000225,0.018442,34.7266,0.91118,62.0
2,d15,22,31108.0,0.0002181,0.018296,34.6326,0.915,61.9
2,d15,23,32522.0,0.000211,0.018176,34.7307,0.91436,61.9
2,d15,24,33936.0,0.0002038,0.018249,34.7296,0.91419,62.5
2,d15,25,35350.0,0.0001964,0.018232,34.8507,0.91312,62.2
2,d15,26,36764.0,0.0001888,0.018172,34.8435,0.91429,62.4
2,d15,27,38178.0,0.0001812,0.018135,34.8019,0.91476,62.1
2,d15,28,39592.0,0.0001735,0.018136,34.7905,0.91509,62.1
2,d15,29,41006.0,0.0001657,0.018098,34.8872,0.91445,62.2
2,d15,30,42420.0,0.0001579,0.018079,34.9119,0.91484,62.4
2,d15,31,43834.0,0.00015,0.018023,34.8853,0.91383,62.4
2,d15,32,45248.0,0.0001421,0.017934,34.9071,0.91712,62.5
2,d15,33,46662.0,0.0001343,0.017896,34.89,0.91778,62.0
2,d15,34,48076.0,0.0001265,0.017815,34.9988,0.91804,61.8
2,d15,35,49490.0,0.0001188,0.017667,35.0253,0.91863,61.7
2,d15,36,50904.0,0.0001112,0.017799,34.9789,0.91998,61.9
2,d15,37,52318.0,0.0001036,0.017648,34.9184,0.92036,61.6
2,d15,38,53732.0,9.624e-05,0.017571,35.0958,0.91928,61.6
2,d15,39,55146.0,8.899e-05,0.017593,35.0835,0.92036,61.6
2,d15,40,56560.0,8.19e-05,0.01747,35.1399,0.91997,61.7
2,d15,41,57974.0,7.5e-05,0.017454,35.0799,0.92276,61.8
2,d15,42,59388.0,6.83e-05,0.017369,35.1631,0.92275,61.6
2,d15,43,60802.0,6.183e-05,0.017361,35.1869,0.92091,61.6
2,d15,44,62216.0,5.56e-05,0.017387,35.1451,0.9233,61.7
2,d15,45,63630.0,4.963e-05,0.017335,35.2084,0.92301,61.6
2,d15,46,65044.0,4.393e-05,0.017261,35.2267,0.92351,62.0
2,d15,47,66458.0,3.853e-05,0.017228,35.1739,0.92427,61.8
2,d15,48,67872.0,3.343e-05,0.017171,35.2225,0.92389,61.9
2,d15,49,69286.0,2.865e-05,0.01714,35.2365,0.92371,61.9
2,d15,50,70700.0,2.42e-05,0.017202,35.2777,0.92349,61.9
2,d15,51,72114.0,2.01e-05,0.017112,35.2887,0.92368,61.8
2,d15,52,73528.0,1.635e-05,0.017175,35.2658,0.92342,61.8
2,d15,53,74942.0,1.297e-05,0.017108,35.2692,0.9242,62.1
2,d15,54,76356.0,9.963e-06,0.017134,35.2789,0.92418,61.7
2,d15,55,77770.0,7.342e-06,0.017072,35.2922,0.92406,61.8
2,d15,56,79184.0,5.111e-06,0.017134,35.2877,0.92453,61.9
2,d15,57,80598.0,3.278e-06,0.017135,35.2941,0.92477,61.8
2,d15,58,82012.0,1.847e-06,0.017089,35.2998,0.92461,62.1
2,d15,59,83426.0,8.217e-07,0.017121,35.3017,0.92465,62.0
2,d15,60,84840.0,2.056e-07,0.017001,35.3001,0.92465,62.0
2,d2,1,1414.0,0.0003,0.023053,32.9401,0.87621,62.4
2,d2,2,2828.0,0.0002998,0.021917,33.1558,0.88116,61.9
2,d2,3,4242.0,0.0002992,0.021516,33.2982,0.88162,61.7
2,d2,4,5656.0,0.0002982,0.021371,33.2393,0.8802,61.7
2,d2,5,7070.0,0.0002967,0.021253,33.3702,0.88382,62.1
2,d2,6,8484.0,0.0002949,0.021248,33.2456,0.88569,62.1
2,d2,7,9898.0,0.0002927,0.021093,33.482,0.88623,61.9
2,d2,8,11312.0,0.00029,0.0209,33.4616,0.88485,62.3
2,d2,9,12726.0,0.000287,0.020867,33.5534,0.88809,61.8
2,d2,10,14140.0,0.0002837,0.020708,33.6001,0.88661,62.0
2,d2,11,15554.0,0.0002799,0.020693,33.4678,0.88871,62.0
2,d2,12,16968.0,0.0002758,0.020694,33.7161,0.88907,62.0
2,d2,13,18382.0,0.0002714,0.020537,33.6762,0.88972,61.9
2,d2,14,19796.0,0.0002666,0.020592,33.6578,0.88702,62.3
2,d2,15,21210.0,0.0002615,0.020462,33.8088,0.8899,62.1
2,d2,16,22624.0,0.0002561,0.020335,33.6424,0.8918,61.9
2,d2,17,24038.0,0.0002504,0.020344,33.8077,0.88777,62.5
2,d2,18,25452.0,0.0002444,0.020394,33.8443,0.89043,62.7
2,d2,19,26866.0,0.0002382,0.020261,33.7267,0.89198,62.4
2,d2,20,28280.0,0.0002317,0.020286,33.939,0.88946,62.4
2,d2,21,29694.0,0.000225,0.020311,33.7899,0.88614,62.1
2,d2,22,31108.0,0.0002181,0.020167,33.8807,0.8927,62.1
2,d2,23,32522.0,0.000211,0.020014,33.8988,0.89333,62.2
2,d2,24,33936.0,0.0002038,0.020065,33.9431,0.89347,62.3
2,d2,25,35350.0,0.0001964,0.020059,34.0225,0.89121,62.2
2,d2,26,36764.0,0.0001888,0.019986,34.0912,0.89128,62.2
2,d2,27,38178.0,0.0001812,0.019982,34.025,0.89395,62.1
2,d2,28,39592.0,0.0001735,0.019961,34.0625,0.89546,62.4
2,d2,29,41006.0,0.0001657,0.019951,34.0933,0.89385,61.9
2,d2,30,42420.0,0.0001579,0.019897,34.0628,0.89512,61.9
2,d2,31,43834.0,0.00015,0.019874,34.0681,0.89321,62.3
2,d2,32,45248.0,0.0001421,0.019816,34.0896,0.89568,62.1
2,d2,33,46662.0,0.0001343,0.019795,34.0682,0.89625,62.0
2,d2,34,48076.0,0.0001265,0.019782,34.1158,0.8953,61.7
2,d2,35,49490.0,0.0001188,0.019649,34.1929,0.89511,62.0
2,d2,36,50904.0,0.0001112,0.01985,34.1554,0.89598,61.8
2,d2,37,52318.0,0.0001036,0.019724,34.1783,0.89694,61.8
2,d2,38,53732.0,9.624e-05,0.019666,34.2077,0.89606,62.0
2,d2,39,55146.0,8.899e-05,0.01972,34.1526,0.89733,61.8
2,d2,40,56560.0,8.19e-05,0.019615,34.2446,0.89547,61.9
2,d2,41,57974.0,7.5e-05,0.019584,34.2148,0.89829,61.9
2,d2,42,59388.0,6.83e-05,0.019524,34.2693,0.89755,61.7
2,d2,43,60802.0,6.183e-05,0.019527,34.285,0.89512,62.0
2,d2,44,62216.0,5.56e-05,0.019563,34.2312,0.89859,62.2
2,d2,45,63630.0,4.963e-05,0.019552,34.2569,0.89786,62.1
2,d2,46,65044.0,4.393e-05,0.019457,34.2791,0.8992,62.0
2,d2,47,66458.0,3.853e-05,0.019433,34.2666,0.89944,62.2
2,d2,48,67872.0,3.343e-05,0.019343,34.2638,0.89935,62.1
2,d2,49,69286.0,2.865e-05,0.019362,34.2792,0.9001,62.1
2,d2,50,70700.0,2.42e-05,0.019397,34.3452,0.89893,62.2
2,d2,51,72114.0,2.01e-05,0.019323,34.3437,0.89918,62.6
2,d2,52,73528.0,1.635e-05,0.01938,34.3275,0.89917,62.3
2,d2,53,74942.0,1.297e-05,0.019313,34.3347,0.89968,62.0
2,d2,54,76356.0,9.963e-06,0.019358,34.3488,0.89927,61.8
2,d2,55,77770.0,7.342e-06,0.019311,34.352,0.89935,61.8
2,d2,56,79184.0,5.111e-06,0.019372,34.3461,0.89974,61.9
2,d2,57,80598.0,3.278e-06,0.019375,34.3468,0.90015,61.7
2,d2,58,82012.0,1.847e-06,0.019346,34.3593,0.89988,61.5
2,d2,59,83426.0,8.217e-07,0.019344,34.3568,0.89998,61.6
2,d2,60,84840.0,2.056e-07,0.019215,34.3542,0.89999,61.9
2,d3,1,1414.0,0.0003,0.037337,27.871,0.71044,1071.1
2,d3,2,2828.0,0.0002998,0.036994,27.9662,0.71279,1065.7
2,d3,3,4242.0,0.0002992,0.036654,27.9166,0.71669,1064.9
2,d3,4,5656.0,0.0002982,0.036346,28.1827,0.71638,1063.5
2,d3,5,7070.0,0.0002967,0.036076,28.1399,0.71904,1063.3
2,d3,6,8484.0,0.0002949,0.036011,28.1344,0.72159,1065.1
2,d3,7,9898.0,0.0002927,0.035804,28.1946,0.72285,1064.6
2,d3,8,11312.0,0.00029,0.03574,28.2041,0.72562,1063.7
2,d3,9,12726.0,0.000287,0.035634,28.223,0.72699,1066.4
2,d3,10,14140.0,0.0002837,0.035442,28.1316,0.7259,1064.0
2,d3,11,15554.0,0.0002799,0.035437,28.2628,0.72806,1063.5
2,d3,12,16968.0,0.0002758,0.035397,28.2922,0.72694,1066.2
2,d3,13,18382.0,0.0002714,0.035339,28.198,0.72742,1063.8
2,d3,14,19796.0,0.0002666,0.035237,28.2177,0.72769,1065.1
2,d3,15,21210.0,0.0002615,0.035119,28.3018,0.72994,1065.1
2,d3,16,22624.0,0.0002561,0.035088,28.2659,0.72992,1063.9
2,d3,17,24038.0,0.0002504,0.03505,28.3601,0.72971,1065.3
2,d3,18,25452.0,0.0002444,0.035056,28.3438,0.72992,1064.8
2,d3,19,26866.0,0.0002382,0.034995,28.263,0.73077,1065.6
2,d3,20,28280.0,0.0002317,0.034992,28.4056,0.73001,1064.5
2,d3,21,29694.0,0.000225,0.034955,28.3561,0.73326,1064.9
2,d3,22,31108.0,0.0002181,0.034861,28.3061,0.73253,1062.6
2,d3,23,32522.0,0.000211,0.034781,28.3641,0.73285,1064.5
2,d3,24,33936.0,0.0002038,0.034746,28.2986,0.73192,1064.5
2,d3,25,35350.0,0.0001964,0.034745,28.3848,0.733,1064.2
2,d3,26,36764.0,0.0001888,0.034702,28.3959,0.73361,1065.4
2,d3,27,38178.0,0.0001812,0.034727,28.3881,0.73242,1065.3
2,d3,28,39592.0,0.0001735,0.034645,28.4695,0.73251,1064.3
2,d3,29,41006.0,0.0001657,0.03468,28.4222,0.73426,1065.7
2,d3,30,42420.0,0.0001579,0.034517,28.434,0.73376,1068.7
2,d3,31,43834.0,0.00015,0.034557,28.4409,0.73407,1066.8
2,d3,32,45248.0,0.0001421,0.034554,28.4504,0.73454,1067.9
2,d3,33,46662.0,0.0001343,0.034486,28.4658,0.73447,1065.9
2,d3,34,48076.0,0.0001265,0.034476,28.4696,0.73425,1067.3
2,d3,35,49490.0,0.0001188,0.034452,28.4513,0.73581,1066.3
2,d3,36,50904.0,0.0001112,0.034512,28.4383,0.73502,1066.6
2,d3,37,52318.0,0.0001036,0.034437,28.4309,0.73609,1065.5
2,d3,38,53732.0,9.624e-05,0.034396,28.4902,0.73556,1064.9
2,d3,39,55146.0,8.899e-05,0.034416,28.4311,0.73587,1063.5
2,d3,40,56560.0,8.19e-05,0.034378,28.5208,0.73496,1065.7
2,d3,41,57974.0,7.5e-05,0.034373,28.4758,0.73606,1069.0
2,d3,42,59388.0,6.83e-05,0.034274,28.4982,0.73711,1066.4
2,d3,43,60802.0,6.183e-05,0.034283,28.516,0.73621,1069.0
2,d3,44,62216.0,5.56e-05,0.034336,28.5282,0.73688,1067.0
2,d3,45,63630.0,4.963e-05,0.034298,28.5143,0.73726,1065.7
2,d3,46,65044.0,4.393e-05,0.034271,28.5188,0.73713,1070.3
2,d3,47,66458.0,3.853e-05,0.034283,28.527,0.73751,1069.4
2,d3,48,67872.0,3.343e-05,0.034201,28.5175,0.73734,1066.0
2,d3,49,69286.0,2.865e-05,0.034196,28.5141,0.73708,1065.0
2,d3,50,70700.0,2.42e-05,0.034203,28.5401,0.73737,1064.8
2,d3,51,72114.0,2.01e-05,0.034164,28.5352,0.73752,1065.4
2,d3,52,73528.0,1.635e-05,0.034237,28.5394,0.73782,1067.2
2,d3,53,74942.0,1.297e-05,0.034154,28.5126,0.73761,1064.9
2,d3,54,76356.0,9.963e-06,0.034154,28.5459,0.73778,1065.6
2,d3,55,77770.0,7.342e-06,0.034117,28.5457,0.73779,1065.6
2,d3,56,79184.0,5.111e-06,0.034152,28.5458,0.7379,1064.4
2,d3,57,80598.0,3.278e-06,0.03418,28.5473,0.73792,1065.9
2,d3,58,82012.0,1.847e-06,0.034184,28.5519,0.73792,1066.5
2,d3,59,83426.0,8.217e-07,0.034168,28.5531,0.7379,1064.6
2,d3,60,84840.0,2.056e-07,0.034101,28.5512,0.73792,1059.6
2,d3n,1,1414.0,0.0003,0.038103,27.5499,0.70362,1066.8
2,d3n,2,2828.0,0.0002998,0.037448,27.6332,0.70842,1062.5
2,d3n,3,4242.0,0.0002992,0.037204,27.72,0.7087,1064.6
2,d3n,4,5656.0,0.0002982,0.037016,27.769,0.70712,1062.9
2,d3n,5,7070.0,0.0002967,0.036853,27.8265,0.70906,1063.4
2,d3n,6,8484.0,0.0002949,0.036898,27.7249,0.7111,1064.5
2,d3n,7,9898.0,0.0002927,0.036777,27.7673,0.71143,1063.4
2,d3n,8,11312.0,0.00029,0.036762,27.809,0.71158,1065.2
2,d3n,9,12726.0,0.000287,0.036705,27.8131,0.71327,1063.2
2,d3n,10,14140.0,0.0002837,0.036544,27.7399,0.71272,1066.3
2,d3n,11,15554.0,0.0002799,0.036588,27.8104,0.71322,1064.4
2,d3n,12,16968.0,0.0002758,0.036582,27.8469,0.71144,1063.4
2,d3n,13,18382.0,0.0002714,0.036556,27.7923,0.71235,1063.6
2,d3n,14,19796.0,0.0002666,0.036467,27.8693,0.71326,1061.8
2,d3n,15,21210.0,0.0002615,0.036387,27.8581,0.71386,1062.2
2,d3n,16,22624.0,0.0002561,0.036372,27.8215,0.71466,1060.9
2,d3n,17,24038.0,0.0002504,0.036368,27.8583,0.71487,1062.8
2,d3n,18,25452.0,0.0002444,0.036391,27.8195,0.71461,1062.5
2,d3n,19,26866.0,0.0002382,0.036333,27.8221,0.71361,1062.8
2,d3n,20,28280.0,0.0002317,0.036351,27.903,0.71417,1062.7
2,d3n,21,29694.0,0.000225,0.036335,27.8266,0.71582,1063.3
2,d3n,22,31108.0,0.0002181,0.036255,27.8354,0.71518,1062.9
2,d3n,23,32522.0,0.000211,0.036198,27.9072,0.71554,1063.7
2,d3n,24,33936.0,0.0002038,0.036173,27.8799,0.71377,1063.2
2,d3n,25,35350.0,0.0001964,0.03618,27.8216,0.71507,1061.1
2,d3n,26,36764.0,0.0001888,0.036137,27.9003,0.71625,1062.9
2,d3n,27,38178.0,0.0001812,0.036185,27.9032,0.71462,1064.3
2,d3n,28,39592.0,0.0001735,0.036114,27.9404,0.71604,1063.8
2,d3n,29,41006.0,0.0001657,0.03617,27.9102,0.71611,1064.8
2,d3n,30,42420.0,0.0001579,0.036012,27.9395,0.71646,1065.8
2,d3n,31,43834.0,0.00015,0.036062,27.9244,0.71634,1064.7
2,d3n,32,45248.0,0.0001421,0.036071,27.9724,0.7162,1064.7
2,d3n,33,46662.0,0.0001343,0.036008,27.8911,0.71566,1063.9
2,d3n,34,48076.0,0.0001265,0.036025,27.9444,0.71626,1064.1
2,d3n,35,49490.0,0.0001188,0.035996,27.9486,0.71738,1063.7
2,d3n,36,50904.0,0.0001112,0.036064,27.9248,0.71709,1065.1
2,d3n,37,52318.0,0.0001036,0.035998,27.9384,0.71689,1065.8
2,d3n,38,53732.0,9.624e-05,0.035971,27.9829,0.71659,1064.1
2,d3n,39,55146.0,8.899e-05,0.036003,27.9153,0.71733,1064.0
2,d3n,40,56560.0,8.19e-05,0.035975,27.9633,0.71642,1063.7
2,d3n,41,57974.0,7.5e-05,0.035971,27.961,0.71672,1064.2
2,d3n,42,59388.0,6.83e-05,0.035872,27.951,0.71732,1065.7
2,d3n,43,60802.0,6.183e-05,0.0359,27.9671,0.71725,1064.2
2,d3n,44,62216.0,5.56e-05,0.035954,27.9901,0.7176,1063.0
2,d3n,45,63630.0,4.963e-05,0.035916,27.9715,0.71747,1063.2
2,d3n,46,65044.0,4.393e-05,0.035906,27.9661,0.71778,1064.3
2,d3n,47,66458.0,3.853e-05,0.035922,27.9855,0.7181,1063.6
2,d3n,48,67872.0,3.343e-05,0.035845,27.9668,0.71749,1063.6
2,d3n,49,69286.0,2.865e-05,0.035847,27.9682,0.7175,1063.5
2,d3n,50,70700.0,2.42e-05,0.035861,27.9709,0.71783,1061.6
2,d3n,51,72114.0,2.01e-05,0.035831,27.9795,0.71774,1063.2
2,d3n,52,73528.0,1.635e-05,0.035893,27.9886,0.71772,1063.0
2,d3n,53,74942.0,1.297e-05,0.035817,27.9765,0.7177,1061.7
2,d3n,54,76356.0,9.963e-06,0.035818,27.9861,0.71788,1063.9
2,d3n,55,77770.0,7.342e-06,0.035785,27.9936,0.71794,1061.3
2,d3n,56,79184.0,5.111e-06,0.035824,27.9811,0.71799,1062.6
2,d3n,57,80598.0,3.278e-06,0.035849,27.9837,0.7179,1061.0
2,d3n,58,82012.0,1.847e-06,0.035864,27.9866,0.71792,1061.7
2,d3n,59,83426.0,8.217e-07,0.035836,27.988,0.71795,1062.1
2,d3n,60,84840.0,2.056e-07,0.035771,27.989,0.71795,1060.8
3,d0,1,1414.0,0.0003,0.027899,32.2522,0.82576,61.8
3,d0,2,2828.0,0.0002998,0.025002,32.6595,0.84497,61.2
3,d0,3,4242.0,0.0002992,0.024091,33.0306,0.84907,61.2
3,d0,4,5656.0,0.0002982,0.023571,33.2067,0.84958,61.5
3,d0,5,7070.0,0.0002967,0.023105,33.4333,0.8548,61.6
3,d0,6,8484.0,0.0002949,0.022743,33.4334,0.86227,61.5
3,d0,7,9898.0,0.0002927,0.022438,33.6682,0.86389,61.8
3,d0,8,11312.0,0.00029,0.022302,33.5927,0.8652,61.5
3,d0,9,12726.0,0.000287,0.022097,33.7325,0.86989,61.3
3,d0,10,14140.0,0.0002837,0.021926,33.8939,0.86884,61.5
3,d0,11,15554.0,0.0002799,0.021739,34.0363,0.87025,61.7
3,d0,12,16968.0,0.0002758,0.021557,34.0658,0.86646,61.9
3,d0,13,18382.0,0.0002714,0.021447,33.8281,0.8763,61.6
3,d0,14,19796.0,0.0002666,0.021355,34.0207,0.87046,61.7
3,d0,15,21210.0,0.0002615,0.021178,34.0858,0.87343,61.9
3,d0,16,22624.0,0.0002561,0.021153,34.1536,0.8793,61.7
3,d0,17,24038.0,0.0002504,0.021053,34.1696,0.87681,61.8
3,d0,18,25452.0,0.0002444,0.020913,34.3217,0.87863,61.9
3,d0,19,26866.0,0.0002382,0.020879,34.3764,0.87849,61.6
3,d0,20,28280.0,0.0002317,0.020785,34.4249,0.87929,61.5
3,d0,21,29694.0,0.000225,0.02063,34.2782,0.88038,61.4
3,d0,22,31108.0,0.0002181,0.020587,34.4251,0.87898,61.4
3,d0,23,32522.0,0.000211,0.020545,34.5279,0.87714,61.8
3,d0,24,33936.0,0.0002038,0.020616,34.3844,0.8833,61.5
3,d0,25,35350.0,0.0001964,0.020426,34.6133,0.88096,61.4
3,d0,26,36764.0,0.0001888,0.020283,34.4988,0.88409,61.7
3,d0,27,38178.0,0.0001812,0.020357,34.5973,0.88221,61.7
3,d0,28,39592.0,0.0001735,0.02025,34.6258,0.88442,61.7
3,d0,29,41006.0,0.0001657,0.020135,34.5576,0.88268,61.4
3,d0,30,42420.0,0.0001579,0.020133,34.6474,0.88451,61.3
3,d0,31,43834.0,0.00015,0.02006,34.7637,0.88406,61.3
3,d0,32,45248.0,0.0001421,0.020069,34.6949,0.88578,61.4
3,d0,33,46662.0,0.0001343,0.019934,34.772,0.88472,61.3
3,d0,34,48076.0,0.0001265,0.01991,34.8361,0.88385,61.4
3,d0,35,49490.0,0.0001188,0.019886,34.8331,0.8848,61.7
3,d0,36,50904.0,0.0001112,0.019855,34.867,0.88639,61.6
3,d0,37,52318.0,0.0001036,0.019752,34.7181,0.88822,61.3
3,d0,38,53732.0,9.624e-05,0.019681,34.8763,0.88698,61.1
3,d0,39,55146.0,8.899e-05,0.019685,34.9148,0.8887,61.2
3,d0,40,56560.0,8.19e-05,0.019591,34.9503,0.88782,61.2
3,d0,41,57974.0,7.5e-05,0.019586,35.006,0.88703,61.5
3,d0,42,59388.0,6.83e-05,0.019506,34.7845,0.89042,61.5
3,d0,43,60802.0,6.183e-05,0.019487,34.9012,0.88886,61.2
3,d0,44,62216.0,5.56e-05,0.019469,35.0085,0.88919,61.2
3,d0,45,63630.0,4.963e-05,0.019521,34.8889,0.88998,61.4
3,d0,46,65044.0,4.393e-05,0.019451,34.8937,0.89057,61.3
3,d0,47,66458.0,3.853e-05,0.019414,35.0851,0.8878,61.5
3,d0,48,67872.0,3.343e-05,0.019364,35.0921,0.88984,61.4
3,d0,49,69286.0,2.865e-05,0.01928,35.0618,0.88975,61.5
3,d0,50,70700.0,2.42e-05,0.019358,35.0186,0.89138,61.5
3,d0,51,72114.0,2.01e-05,0.019281,35.1048,0.89063,61.4
3,d0,52,73528.0,1.635e-05,0.019291,35.094,0.89,61.4
3,d0,53,74942.0,1.297e-05,0.019175,35.1125,0.8906,61.2
3,d0,54,76356.0,9.963e-06,0.019177,35.1543,0.88975,61.2
3,d0,55,77770.0,7.342e-06,0.019275,35.154,0.89003,61.3
3,d0,56,79184.0,5.111e-06,0.019194,35.1278,0.89085,61.3
3,d0,57,80598.0,3.278e-06,0.01917,35.1459,0.89077,61.4
3,d0,58,82012.0,1.847e-06,0.019168,35.1336,0.89103,61.4
3,d0,59,83426.0,8.217e-07,0.019186,35.1513,0.89081,61.3
3,d0,60,84840.0,2.056e-07,0.019239,35.1484,0.89073,61.4
3,d1,1,1414.0,0.0003,0.023148,33.578,0.87253,62.2
3,d1,2,2828.0,0.0002998,0.021085,33.9377,0.88706,61.6
3,d1,3,4242.0,0.0002992,0.020455,34.0215,0.89446,61.5
3,d1,4,5656.0,0.0002982,0.020089,34.2931,0.90045,61.6
3,d1,5,7070.0,0.0002967,0.01979,34.4008,0.90042,61.7
3,d1,6,8484.0,0.0002949,0.019553,34.2386,0.90556,61.6
3,d1,7,9898.0,0.0002927,0.019292,34.4733,0.9051,61.5
3,d1,8,11312.0,0.00029,0.019217,34.0655,0.90737,61.7
3,d1,9,12726.0,0.000287,0.0191,34.5788,0.90178,61.7
3,d1,10,14140.0,0.0002837,0.019017,34.8414,0.90676,61.8
3,d1,11,15554.0,0.0002799,0.018916,34.7192,0.90845,61.6
3,d1,12,16968.0,0.0002758,0.018724,34.9202,0.90678,61.6
3,d1,13,18382.0,0.0002714,0.0187,34.6852,0.91205,61.5
3,d1,14,19796.0,0.0002666,0.018649,34.8329,0.90562,61.5
3,d1,15,21210.0,0.0002615,0.018482,34.8394,0.91379,61.6
3,d1,16,22624.0,0.0002561,0.018481,35.0447,0.9144,61.5
3,d1,17,24038.0,0.0002504,0.018423,35.0548,0.9133,61.5
3,d1,18,25452.0,0.0002444,0.018328,35.1129,0.91364,61.4
3,d1,19,26866.0,0.0002382,0.018242,35.1358,0.91482,61.3
3,d1,20,28280.0,0.0002317,0.018187,34.642,0.90185,61.4
3,d1,21,29694.0,0.000225,0.018178,34.9913,0.91695,61.3
3,d1,22,31108.0,0.0002181,0.018169,35.1614,0.91247,61.4
3,d1,23,32522.0,0.000211,0.018117,35.0963,0.91447,61.5
3,d1,24,33936.0,0.0002038,0.018098,35.1471,0.91894,61.3
3,d1,25,35350.0,0.0001964,0.018032,35.2119,0.91696,61.3
3,d1,26,36764.0,0.0001888,0.017893,35.2666,0.91675,61.2
3,d1,27,38178.0,0.0001812,0.017981,35.2531,0.9182,61.3
3,d1,28,39592.0,0.0001735,0.017929,35.2707,0.91747,61.3
3,d1,29,41006.0,0.0001657,0.017854,35.2542,0.91925,61.5
3,d1,30,42420.0,0.0001579,0.017776,35.3174,0.91738,61.3
3,d1,31,43834.0,0.00015,0.017783,35.2745,0.91872,61.1
3,d1,32,45248.0,0.0001421,0.017777,35.3323,0.91927,61.2
3,d1,33,46662.0,0.0001343,0.017707,35.396,0.91671,61.5
3,d1,34,48076.0,0.0001265,0.017708,35.3534,0.91723,61.2
3,d1,35,49490.0,0.0001188,0.017671,35.3938,0.91839,61.2
3,d1,36,50904.0,0.0001112,0.017682,35.4481,0.91904,61.2
3,d1,37,52318.0,0.0001036,0.017586,35.3994,0.92058,61.6
3,d1,38,53732.0,9.624e-05,0.017533,35.452,0.91827,61.1
3,d1,39,55146.0,8.899e-05,0.017537,35.4562,0.91963,61.6
3,d1,40,56560.0,8.19e-05,0.01752,35.5162,0.91968,61.1
3,d1,41,57974.0,7.5e-05,0.017471,35.5324,0.92038,61.8
3,d1,42,59388.0,6.83e-05,0.017436,35.4828,0.92152,61.2
3,d1,43,60802.0,6.183e-05,0.017408,35.555,0.92039,61.4
3,d1,44,62216.0,5.56e-05,0.017429,35.535,0.92144,61.3
3,d1,45,63630.0,4.963e-05,0.017442,35.4706,0.92227,61.4
3,d1,46,65044.0,4.393e-05,0.017407,35.5147,0.92215,61.9
3,d1,47,66458.0,3.853e-05,0.017418,35.5781,0.92117,61.4
3,d1,48,67872.0,3.343e-05,0.017371,35.5865,0.92228,61.3
3,d1,49,69286.0,2.865e-05,0.01731,35.5599,0.92252,61.6
3,d1,50,70700.0,2.42e-05,0.017369,35.5829,0.92233,61.6
3,d1,51,72114.0,2.01e-05,0.017294,35.6228,0.92142,61.1
3,d1,52,73528.0,1.635e-05,0.017283,35.621,0.9217,61.3
3,d1,53,74942.0,1.297e-05,0.017264,35.6064,0.92255,60.9
3,d1,54,76356.0,9.963e-06,0.017274,35.6384,0.92164,60.8
3,d1,55,77770.0,7.342e-06,0.0173,35.634,0.92169,60.9
3,d1,56,79184.0,5.111e-06,0.017264,35.64,0.92211,60.7
3,d1,57,80598.0,3.278e-06,0.017258,35.6383,0.92241,60.9
3,d1,58,82012.0,1.847e-06,0.017236,35.6382,0.92238,60.9
3,d1,59,83426.0,8.217e-07,0.017245,35.6393,0.92231,60.9
3,d1,60,84840.0,2.056e-07,0.017239,35.6394,0.92235,60.8
3,d15,1,1414.0,0.0003,0.020927,34.2237,0.9022,63.7
3,d15,2,2828.0,0.0002998,0.019693,34.3491,0.90631,62.9
3,d15,3,4242.0,0.0002992,0.019485,34.425,0.90775,63.0
3,d15,4,5656.0,0.0002982,0.019289,34.6864,0.90651,62.9
3,d15,5,7070.0,0.0002967,0.019146,34.5839,0.90964,63.5
3,d15,6,8484.0,0.0002949,0.01908,34.8624,0.90956,63.0
3,d15,7,9898.0,0.0002927,0.018996,34.6997,0.91005,62.5
3,d15,8,11312.0,0.00029,0.018957,34.7869,0.91108,62.4
3,d15,9,12726.0,0.000287,0.018885,34.8506,0.90901,61.8
3,d15,10,14140.0,0.0002837,0.01881,34.8653,0.91169,61.4
3,d15,11,15554.0,0.0002799,0.018738,34.9476,0.91192,61.1
3,d15,12,16968.0,0.0002758,0.018672,34.9145,0.91132,61.2
3,d15,13,18382.0,0.0002714,0.018569,35.0273,0.91384,61.3
3,d15,14,19796.0,0.0002666,0.018611,34.8754,0.91198,61.4
3,d15,15,21210.0,0.0002615,0.018579,35.0207,0.91343,60.9
3,d15,16,22624.0,0.0002561,0.018554,34.9274,0.91431,61.8
3,d15,17,24038.0,0.0002504,0.018487,34.9564,0.9141,62.0
3,d15,18,25452.0,0.0002444,0.018432,35.17,0.91271,62.0
3,d15,19,26866.0,0.0002382,0.018413,35.1006,0.91555,61.9
3,d15,20,28280.0,0.0002317,0.018387,35.2392,0.91233,61.8
3,d15,21,29694.0,0.000225,0.018315,35.098,0.91517,61.9
3,d15,22,31108.0,0.0002181,0.018343,35.249,0.91445,61.6
3,d15,23,32522.0,0.000211,0.018316,35.258,0.91497,61.9
3,d15,24,33936.0,0.0002038,0.018288,35.3122,0.91507,61.8
3,d15,25,35350.0,0.0001964,0.018196,35.1793,0.91608,61.8
3,d15,26,36764.0,0.0001888,0.0182,35.2806,0.9169,62.1
3,d15,27,38178.0,0.0001812,0.018213,35.2872,0.91598,61.7
3,d15,28,39592.0,0.0001735,0.018109,35.352,0.91646,61.9
3,d15,29,41006.0,0.0001657,0.018133,35.3305,0.91647,62.1
3,d15,30,42420.0,0.0001579,0.018122,35.1926,0.91734,62.3
3,d15,31,43834.0,0.00015,0.018061,35.2903,0.91726,62.1
3,d15,32,45248.0,0.0001421,0.018064,35.4089,0.91689,61.9
3,d15,33,46662.0,0.0001343,0.018025,35.4051,0.91509,61.7
3,d15,34,48076.0,0.0001265,0.017889,35.4333,0.91745,61.3
3,d15,35,49490.0,0.0001188,0.017866,35.4146,0.91903,61.4
3,d15,36,50904.0,0.0001112,0.017907,35.4308,0.91889,61.6
3,d15,37,52318.0,0.0001036,0.017792,35.5087,0.92001,61.6
3,d15,38,53732.0,9.624e-05,0.017708,35.5108,0.91963,61.1
3,d15,39,55146.0,8.899e-05,0.017671,35.5356,0.92042,61.4
3,d15,40,56560.0,8.19e-05,0.017699,35.5965,0.91971,61.5
3,d15,41,57974.0,7.5e-05,0.017637,35.5232,0.92041,61.2
3,d15,42,59388.0,6.83e-05,0.017591,35.5316,0.92217,61.5
3,d15,43,60802.0,6.183e-05,0.017621,35.5087,0.92147,61.5
3,d15,44,62216.0,5.56e-05,0.017515,35.5385,0.92172,61.4
3,d15,45,63630.0,4.963e-05,0.017623,35.5527,0.9223,61.2
3,d15,46,65044.0,4.393e-05,0.017552,35.6306,0.92274,61.2
3,d15,47,66458.0,3.853e-05,0.017496,35.6564,0.92166,61.1
3,d15,48,67872.0,3.343e-05,0.017467,35.6548,0.92314,61.3
3,d15,49,69286.0,2.865e-05,0.01743,35.6743,0.92299,61.0
3,d15,50,70700.0,2.42e-05,0.01739,35.6481,0.92339,61.1
3,d15,51,72114.0,2.01e-05,0.017317,35.688,0.9232,61.1
3,d15,52,73528.0,1.635e-05,0.017337,35.6608,0.92359,61.1
3,d15,53,74942.0,1.297e-05,0.017301,35.6919,0.92399,61.2
3,d15,54,76356.0,9.963e-06,0.017291,35.697,0.92382,61.3
3,d15,55,77770.0,7.342e-06,0.017408,35.7096,0.92365,61.3
3,d15,56,79184.0,5.111e-06,0.017285,35.701,0.92402,61.7
3,d15,57,80598.0,3.278e-06,0.017252,35.7177,0.9239,61.9
3,d15,58,82012.0,1.847e-06,0.017278,35.7041,0.92423,61.5
3,d15,59,83426.0,8.217e-07,0.017326,35.7094,0.92412,61.8
3,d15,60,84840.0,2.056e-07,0.017293,35.7092,0.92414,61.4
3,d2,1,1414.0,0.0003,0.023233,33.4718,0.87904,62.2
3,d2,2,2828.0,0.0002998,0.021944,33.6874,0.88288,61.3
3,d2,3,4242.0,0.0002992,0.021709,33.719,0.88215,61.5
3,d2,4,5656.0,0.0002982,0.021457,33.8375,0.88382,61.6
3,d2,5,7070.0,0.0002967,0.02132,33.9478,0.88616,61.4
3,d2,6,8484.0,0.0002949,0.021207,33.9641,0.88645,61.7
3,d2,7,9898.0,0.0002927,0.021095,34.0759,0.88696,61.8
3,d2,8,11312.0,0.00029,0.021006,33.9113,0.88863,61.9
3,d2,9,12726.0,0.000287,0.020895,34.1841,0.88862,61.8
3,d2,10,14140.0,0.0002837,0.020784,34.2115,0.88918,61.8
3,d2,11,15554.0,0.0002799,0.020666,34.228,0.8901,61.5
3,d2,12,16968.0,0.0002758,0.020605,34.153,0.88977,61.7
3,d2,13,18382.0,0.0002714,0.020517,34.1926,0.8927,61.6
3,d2,14,19796.0,0.0002666,0.020552,34.0943,0.89064,61.7
3,d2,15,21210.0,0.0002615,0.020506,34.2584,0.89248,61.7
3,d2,16,22624.0,0.0002561,0.020501,34.2403,0.89243,61.8
3,d2,17,24038.0,0.0002504,0.020405,34.2936,0.89339,61.6
3,d2,18,25452.0,0.0002444,0.020374,34.4463,0.89233,62.0
3,d2,19,26866.0,0.0002382,0.020317,34.3425,0.89468,62.2
3,d2,20,28280.0,0.0002317,0.020329,34.4387,0.89264,62.1
3,d2,21,29694.0,0.000225,0.020211,34.3407,0.89406,61.5
3,d2,22,31108.0,0.0002181,0.020274,34.4762,0.89147,61.7
3,d2,23,32522.0,0.000211,0.020219,34.3795,0.89242,61.8
3,d2,24,33936.0,0.0002038,0.020173,34.499,0.89438,61.9
3,d2,25,35350.0,0.0001964,0.020093,34.3648,0.8954,61.8
3,d2,26,36764.0,0.0001888,0.020074,34.473,0.89495,61.7
3,d2,27,38178.0,0.0001812,0.020114,34.5321,0.89583,61.7
3,d2,28,39592.0,0.0001735,0.020034,34.6027,0.89558,61.5
3,d2,29,41006.0,0.0001657,0.019998,34.5297,0.8944,61.7
3,d2,30,42420.0,0.0001579,0.020007,34.3684,0.89575,61.6
3,d2,31,43834.0,0.00015,0.01995,34.5236,0.89598,61.8
3,d2,32,45248.0,0.0001421,0.019985,34.5137,0.8972,61.7
3,d2,33,46662.0,0.0001343,0.01995,34.6575,0.89499,61.8
3,d2,34,48076.0,0.0001265,0.01984,34.6719,0.89658,61.9
3,d2,35,49490.0,0.0001188,0.019828,34.5783,0.89682,61.9
3,d2,36,50904.0,0.0001112,0.019948,34.6606,0.89721,61.7
3,d2,37,52318.0,0.0001036,0.019806,34.71,0.89798,61.9
3,d2,38,53732.0,9.624e-05,0.019726,34.6416,0.89737,62.0
3,d2,39,55146.0,8.899e-05,0.019751,34.6911,0.89845,61.9
3,d2,40,56560.0,8.19e-05,0.019774,34.7442,0.89729,62.5
3,d2,41,57974.0,7.5e-05,0.019742,34.7009,0.89813,62.1
3,d2,42,59388.0,6.83e-05,0.019683,34.6993,0.89887,62.4
3,d2,43,60802.0,6.183e-05,0.019719,34.6837,0.89837,62.0
3,d2,44,62216.0,5.56e-05,0.019636,34.6386,0.89893,62.0
3,d2,45,63630.0,4.963e-05,0.019754,34.721,0.89898,62.0
3,d2,46,65044.0,4.393e-05,0.019734,34.6937,0.89952,62.4
3,d2,47,66458.0,3.853e-05,0.019666,34.7666,0.89836,62.0
3,d2,48,67872.0,3.343e-05,0.01966,34.7451,0.89992,61.9
3,d2,49,69286.0,2.865e-05,0.0196,34.7589,0.89958,62.2
3,d2,50,70700.0,2.42e-05,0.019613,34.7543,0.89956,62.0
3,d2,51,72114.0,2.01e-05,0.019535,34.7818,0.89957,62.1
3,d2,52,73528.0,1.635e-05,0.01956,34.7374,0.89931,61.9
3,d2,53,74942.0,1.297e-05,0.01951,34.7808,0.89974,61.8
3,d2,54,76356.0,9.963e-06,0.019507,34.7765,0.89974,62.1
3,d2,55,77770.0,7.342e-06,0.019642,34.8006,0.89932,61.8
3,d2,56,79184.0,5.111e-06,0.019534,34.7955,0.89976,62.0
3,d2,57,80598.0,3.278e-06,0.01947,34.8145,0.8996,62.4
3,d2,58,82012.0,1.847e-06,0.019527,34.7892,0.89989,62.1
3,d2,59,83426.0,8.217e-07,0.019588,34.7973,0.89981,62.0
3,d2,60,84840.0,2.056e-07,0.019552,34.7974,0.89982,62.1
3,d3,1,1414.0,0.0003,0.037508,28.5782,0.72286,1057.9
3,d3,2,2828.0,0.0002998,0.037104,28.6832,0.72444,1055.3
3,d3,3,4242.0,0.0002992,0.036727,28.7396,0.72629,1054.0
3,d3,4,5656.0,0.0002982,0.036564,28.7689,0.72798,1056.5
3,d3,5,7070.0,0.0002967,0.036267,28.686,0.72931,1056.5
3,d3,6,8484.0,0.0002949,0.036118,28.727,0.72972,1056.2
3,d3,7,9898.0,0.0002927,0.035946,28.8974,0.73224,1055.3
3,d3,8,11312.0,0.00029,0.035818,28.7764,0.73126,1056.1
3,d3,9,12726.0,0.000287,0.035838,28.9168,0.73515,1055.5
3,d3,10,14140.0,0.0002837,0.035657,28.8615,0.73566,1055.8
3,d3,11,15554.0,0.0002799,0.035601,28.9423,0.73617,1056.5
3,d3,12,16968.0,0.0002758,0.035511,28.9741,0.73727,1055.8
3,d3,13,18382.0,0.0002714,0.035425,28.7535,0.73811,1056.8
3,d3,14,19796.0,0.0002666,0.035363,28.9297,0.73923,1057.2
3,d3,15,21210.0,0.0002615,0.035256,28.9976,0.73879,1057.4
3,d3,16,22624.0,0.0002561,0.035293,29.0174,0.73939,1057.8
3,d3,17,24038.0,0.0002504,0.035224,29.0214,0.73981,1058.8
3,d3,18,25452.0,0.0002444,0.035151,28.9872,0.74073,1057.6
3,d3,19,26866.0,0.0002382,0.035108,29.0375,0.74144,1058.9
3,d3,20,28280.0,0.0002317,0.035107,29.0163,0.74146,1059.4
3,d3,21,29694.0,0.000225,0.034988,29.0629,0.74213,1055.4
3,d3,22,31108.0,0.0002181,0.034986,29.0777,0.74243,1059.1
3,d3,23,32522.0,0.000211,0.034931,29.0161,0.74368,1059.0
3,d3,24,33936.0,0.0002038,0.034962,29.0596,0.74337,1057.7
3,d3,25,35350.0,0.0001964,0.034913,29.0351,0.74388,1059.4
3,d3,26,36764.0,0.0001888,0.034773,29.0015,0.74366,1057.1
3,d3,27,38178.0,0.0001812,0.034875,29.0999,0.74415,1058.1
3,d3,28,39592.0,0.0001735,0.034768,29.1317,0.74479,1058.0
3,d3,29,41006.0,0.0001657,0.034675,29.1175,0.74515,1057.6
3,d3,30,42420.0,0.0001579,0.034749,29.1329,0.74503,1057.9
3,d3,31,43834.0,0.00015,0.034695,29.0974,0.74409,1058.2
3,d3,32,45248.0,0.0001421,0.034769,29.1202,0.74478,1060.0
3,d3,33,46662.0,0.0001343,0.034642,29.1492,0.74505,1058.0
3,d3,34,48076.0,0.0001265,0.034641,29.1701,0.74516,1060.6
3,d3,35,49490.0,0.0001188,0.034625,29.1507,0.74566,1058.6
3,d3,36,50904.0,0.0001112,0.034681,29.1628,0.74603,1058.1
3,d3,37,52318.0,0.0001036,0.034547,29.1887,0.74522,1058.1
3,d3,38,53732.0,9.624e-05,0.034543,29.1644,0.74642,1058.9
3,d3,39,55146.0,8.899e-05,0.03453,29.1338,0.74614,1058.2
3,d3,40,56560.0,8.19e-05,0.034483,29.1944,0.74667,1060.0
3,d3,41,57974.0,7.5e-05,0.034497,29.1688,0.74702,1058.3
3,d3,42,59388.0,6.83e-05,0.03444,29.1488,0.74702,1057.9
3,d3,43,60802.0,6.183e-05,0.034441,29.1445,0.7474,1058.6
3,d3,44,62216.0,5.56e-05,0.034438,29.1534,0.7475,1057.7
3,d3,45,63630.0,4.963e-05,0.034489,29.1468,0.74749,1057.8
3,d3,46,65044.0,4.393e-05,0.034462,29.1794,0.74719,1057.7
3,d3,47,66458.0,3.853e-05,0.034421,29.1954,0.7478,1058.5
3,d3,48,67872.0,3.343e-05,0.034365,29.1638,0.74803,1057.5
3,d3,49,69286.0,2.865e-05,0.034368,29.192,0.74831,1057.2
3,d3,50,70700.0,2.42e-05,0.034422,29.2025,0.74803,1057.6
3,d3,51,72114.0,2.01e-05,0.034357,29.1999,0.74839,1057.3
3,d3,52,73528.0,1.635e-05,0.03439,29.1931,0.74816,1056.9
3,d3,53,74942.0,1.297e-05,0.034288,29.207,0.74846,1056.9
3,d3,54,76356.0,9.963e-06,0.034277,29.2194,0.74833,1056.0
3,d3,55,77770.0,7.342e-06,0.03438,29.2256,0.74813,1055.7
3,d3,56,79184.0,5.111e-06,0.034298,29.2173,0.74833,1057.0
3,d3,57,80598.0,3.278e-06,0.034262,29.2244,0.74834,1056.7
3,d3,58,82012.0,1.847e-06,0.03426,29.2117,0.74855,1057.0
3,d3,59,83426.0,8.217e-07,0.034352,29.2164,0.74847,1057.2
3,d3,60,84840.0,2.056e-07,0.034383,29.2172,0.74846,1054.7
3,d3n,1,1414.0,0.0003,0.038254,28.0862,0.71584,1078.5
3,d3n,2,2828.0,0.0002998,0.03755,28.1797,0.71925,1067.6
3,d3n,3,4242.0,0.0002992,0.037266,28.2748,0.72025,1067.7
3,d3n,4,5656.0,0.0002982,0.037186,28.2905,0.72018,1068.1
3,d3n,5,7070.0,0.0002967,0.036984,28.328,0.72243,1069.5
3,d3n,6,8484.0,0.0002949,0.036926,28.2361,0.72214,1066.8
3,d3n,7,9898.0,0.0002927,0.036822,28.3481,0.72206,1068.8
3,d3n,8,11312.0,0.00029,0.036753,28.3314,0.72205,1071.3
3,d3n,9,12726.0,0.000287,0.036819,28.4234,0.72401,1068.6
3,d3n,10,14140.0,0.0002837,0.036688,28.4239,0.72458,1067.7
3,d3n,11,15554.0,0.0002799,0.036676,28.4236,0.72388,1065.8
3,d3n,12,16968.0,0.0002758,0.03661,28.4353,0.72401,1068.3
3,d3n,13,18382.0,0.0002714,0.036578,28.333,0.72589,1066.7
3,d3n,14,19796.0,0.0002666,0.036535,28.4623,0.7257,1067.0
3,d3n,15,21210.0,0.0002615,0.036453,28.3932,0.72494,1066.1
3,d3n,16,22624.0,0.0002561,0.036504,28.4577,0.7256,1068.8
3,d3n,17,24038.0,0.0002504,0.036477,28.4578,0.72467,1067.6
3,d3n,18,25452.0,0.0002444,0.036423,28.396,0.72641,1067.0
3,d3n,19,26866.0,0.0002382,0.036387,28.4068,0.72672,1069.0
3,d3n,20,28280.0,0.0002317,0.036408,28.4538,0.72648,1069.6
3,d3n,21,29694.0,0.000225,0.036307,28.4125,0.72554,1068.6
3,d3n,22,31108.0,0.0002181,0.036329,28.4463,0.72638,1068.0
3,d3n,23,32522.0,0.000211,0.036292,28.5115,0.72734,1068.2
3,d3n,24,33936.0,0.0002038,0.036331,28.5176,0.72783,1069.1
3,d3n,25,35350.0,0.0001964,0.036306,28.4535,0.72713,1068.0
3,d3n,26,36764.0,0.0001888,0.036177,28.4122,0.72666,1070.0
3,d3n,27,38178.0,0.0001812,0.036291,28.5015,0.72803,1070.0
3,d3n,28,39592.0,0.0001735,0.0362,28.5379,0.72854,1068.5
3,d3n,29,41006.0,0.0001657,0.036113,28.5059,0.72835,1069.9
3,d3n,30,42420.0,0.0001579,0.036206,28.5369,0.72797,1069.9
3,d3n,31,43834.0,0.00015,0.036155,28.5439,0.72692,1070.1
3,d3n,32,45248.0,0.0001421,0.036253,28.5717,0.72749,1069.1
3,d3n,33,46662.0,0.0001343,0.036133,28.5434,0.72804,1068.9
3,d3n,34,48076.0,0.0001265,0.036134,28.5509,0.72813,1068.6
3,d3n,35,49490.0,0.0001188,0.036135,28.526,0.72836,1067.6
3,d3n,36,50904.0,0.0001112,0.03619,28.5282,0.72763,1070.6
3,d3n,37,52318.0,0.0001036,0.036083,28.5746,0.72885,1067.6
3,d3n,38,53732.0,9.624e-05,0.036079,28.5434,0.72853,1068.6
3,d3n,39,55146.0,8.899e-05,0.036069,28.5467,0.72884,1069.4
3,d3n,40,56560.0,8.19e-05,0.036016,28.5736,0.7285,1069.3
3,d3n,41,57974.0,7.5e-05,0.036054,28.5671,0.7288,1067.9
3,d3n,42,59388.0,6.83e-05,0.035994,28.5699,0.72898,1069.7
3,d3n,43,60802.0,6.183e-05,0.03602,28.5629,0.72854,1069.8
3,d3n,44,62216.0,5.56e-05,0.036013,28.5577,0.7289,1069.3
3,d3n,45,63630.0,4.963e-05,0.036066,28.5532,0.72895,1067.9
3,d3n,46,65044.0,4.393e-05,0.036058,28.566,0.72942,1068.1
3,d3n,47,66458.0,3.853e-05,0.036016,28.5858,0.72945,1067.3
3,d3n,48,67872.0,3.343e-05,0.035956,28.5722,0.72948,1069.2
3,d3n,49,69286.0,2.865e-05,0.035977,28.5983,0.7296,1069.0
3,d3n,50,70700.0,2.42e-05,0.036039,28.5863,0.72949,1068.3
3,d3n,51,72114.0,2.01e-05,0.035966,28.6062,0.72931,1070.2
3,d3n,52,73528.0,1.635e-05,0.036006,28.5857,0.72928,1069.4
3,d3n,53,74942.0,1.297e-05,0.035903,28.5856,0.7297,1067.5
3,d3n,54,76356.0,9.963e-06,0.035905,28.592,0.72957,1067.5
3,d3n,55,77770.0,7.342e-06,0.036004,28.6027,0.72953,1067.2
3,d3n,56,79184.0,5.111e-06,0.035935,28.5932,0.72969,1068.1
3,d3n,57,80598.0,3.278e-06,0.035893,28.6027,0.72964,1067.8
3,d3n,58,82012.0,1.847e-06,0.035906,28.5971,0.72964,1067.8
3,d3n,59,83426.0,8.217e-07,0.035992,28.5991,0.72963,1067.8
3,d3n,60,84840.0,2.056e-07,0.036021,28.5992,0.72962,1059.3
4,d0,1,1414.0,0.0003,0.028171,31.1932,0.82357,62.1
4,d0,2,2828.0,0.0002998,0.025084,31.6558,0.83515,61.9
4,d0,3,4242.0,0.0002992,0.024005,31.7637,0.84775,61.7
4,d0,4,5656.0,0.0002982,0.023464,32.3292,0.85098,61.5
4,d0,5,7070.0,0.0002967,0.023026,32.3252,0.85411,61.1
4,d0,6,8484.0,0.0002949,0.022721,32.6243,0.85915,61.4
4,d0,7,9898.0,0.0002927,0.022381,32.6556,0.85424,61.3
4,d0,8,11312.0,0.00029,0.022281,32.6604,0.86218,61.3
4,d0,9,12726.0,0.000287,0.021914,32.7673,0.86684,61.3
4,d0,10,14140.0,0.0002837,0.021776,32.979,0.86054,61.4
4,d0,11,15554.0,0.0002799,0.021628,33.0191,0.86737,61.0
4,d0,12,16968.0,0.0002758,0.021484,33.0487,0.8668,61.3
4,d0,13,18382.0,0.0002714,0.021325,33.1296,0.87129,61.2
4,d0,14,19796.0,0.0002666,0.021135,33.2872,0.87185,61.3
4,d0,15,21210.0,0.0002615,0.020989,33.1685,0.872,61.7
4,d0,16,22624.0,0.0002561,0.020912,33.2768,0.87298,61.6
4,d0,17,24038.0,0.0002504,0.020747,33.1436,0.87663,61.6
4,d0,18,25452.0,0.0002444,0.020717,32.9683,0.87592,61.4
4,d0,19,26866.0,0.0002382,0.020657,32.9886,0.87791,61.3
4,d0,20,28280.0,0.0002317,0.02053,33.4795,0.87908,61.6
4,d0,21,29694.0,0.000225,0.020524,33.4325,0.87836,61.3
4,d0,22,31108.0,0.0002181,0.020412,33.4539,0.87798,61.3
4,d0,23,32522.0,0.000211,0.020269,33.4809,0.87239,61.6
4,d0,24,33936.0,0.0002038,0.020229,33.6411,0.87635,61.5
4,d0,25,35350.0,0.0001964,0.02017,33.5204,0.88212,61.1
4,d0,26,36764.0,0.0001888,0.020086,33.4872,0.8805,61.4
4,d0,27,38178.0,0.0001812,0.020002,33.671,0.88056,61.5
4,d0,28,39592.0,0.0001735,0.019984,33.7514,0.88142,61.7
4,d0,29,41006.0,0.0001657,0.019923,33.6694,0.88325,61.8
4,d0,30,42420.0,0.0001579,0.01988,33.8871,0.88063,61.7
4,d0,31,43834.0,0.00015,0.019821,33.8406,0.88287,61.3
4,d0,32,45248.0,0.0001421,0.019749,33.7245,0.88398,61.7
4,d0,33,46662.0,0.0001343,0.019718,33.8917,0.87964,61.7
4,d0,34,48076.0,0.0001265,0.019683,33.5903,0.88521,61.5
4,d0,35,49490.0,0.0001188,0.019638,33.8977,0.88384,61.7
4,d0,36,50904.0,0.0001112,0.019548,33.6409,0.88664,61.7
4,d0,37,52318.0,0.0001036,0.0195,33.9076,0.88559,61.4
4,d0,38,53732.0,9.624e-05,0.019473,33.8916,0.88484,61.6
4,d0,39,55146.0,8.899e-05,0.019435,33.9915,0.88644,61.6
4,d0,40,56560.0,8.19e-05,0.019416,34.0505,0.88523,61.7
4,d0,41,57974.0,7.5e-05,0.019241,33.9906,0.88638,61.7
4,d0,42,59388.0,6.83e-05,0.019335,34.1328,0.8847,61.3
4,d0,43,60802.0,6.183e-05,0.019302,34.0633,0.88701,61.4
4,d0,44,62216.0,5.56e-05,0.019223,34.126,0.88659,61.2
4,d0,45,63630.0,4.963e-05,0.01916,34.0841,0.88767,61.3
4,d0,46,65044.0,4.393e-05,0.019166,34.0632,0.88851,61.7
4,d0,47,66458.0,3.853e-05,0.019129,34.1885,0.88642,61.7
4,d0,48,67872.0,3.343e-05,0.019032,34.1339,0.88714,61.3
4,d0,49,69286.0,2.865e-05,0.019163,34.1906,0.88745,61.3
4,d0,50,70700.0,2.42e-05,0.019087,34.1287,0.88889,61.2
4,d0,51,72114.0,2.01e-05,0.018983,34.206,0.88811,61.5
4,d0,52,73528.0,1.635e-05,0.018986,34.2005,0.88857,61.2
4,d0,53,74942.0,1.297e-05,0.018996,34.2105,0.88798,61.4
4,d0,54,76356.0,9.963e-06,0.018963,34.2286,0.88799,61.1
4,d0,55,77770.0,7.342e-06,0.01895,34.2025,0.88867,61.1
4,d0,56,79184.0,5.111e-06,0.018967,34.235,0.88852,61.4
4,d0,57,80598.0,3.278e-06,0.018955,34.2401,0.88843,61.0
4,d0,58,82012.0,1.847e-06,0.018981,34.2341,0.88857,61.3
4,d0,59,83426.0,8.217e-07,0.018952,34.2196,0.88874,61.8
4,d0,60,84840.0,2.056e-07,0.01897,34.2293,0.88865,61.7
4,d1,1,1414.0,0.0003,0.023687,32.4238,0.87416,62.3
4,d1,2,2828.0,0.0002998,0.021379,32.7832,0.88347,61.3
4,d1,3,4242.0,0.0002992,0.020595,33.0062,0.89294,61.3
4,d1,4,5656.0,0.0002982,0.020131,33.3722,0.89296,61.5
4,d1,5,7070.0,0.0002967,0.019813,33.3092,0.89763,61.5
4,d1,6,8484.0,0.0002949,0.019596,33.5154,0.9021,61.5
4,d1,7,9898.0,0.0002927,0.019299,33.6306,0.90075,61.5
4,d1,8,11312.0,0.00029,0.019202,33.5268,0.90258,61.4
4,d1,9,12726.0,0.000287,0.019061,33.6729,0.90634,61.2
4,d1,10,14140.0,0.0002837,0.018928,33.7401,0.90563,61.2
4,d1,11,15554.0,0.0002799,0.018763,33.8917,0.90585,61.2
4,d1,12,16968.0,0.0002758,0.018661,33.9834,0.90561,61.5
4,d1,13,18382.0,0.0002714,0.018618,33.946,0.90927,61.6
4,d1,14,19796.0,0.0002666,0.01851,34.0502,0.90766,61.2
4,d1,15,21210.0,0.0002615,0.01843,34.0885,0.90848,61.0
4,d1,16,22624.0,0.0002561,0.018344,33.9816,0.9063,61.2
4,d1,17,24038.0,0.0002504,0.018273,34.1411,0.90906,61.4
4,d1,18,25452.0,0.0002444,0.018258,34.0691,0.91377,61.2
4,d1,19,26866.0,0.0002382,0.018196,33.8845,0.91338,61.3
4,d1,20,28280.0,0.0002317,0.018154,34.0888,0.91384,61.3
4,d1,21,29694.0,0.000225,0.018085,34.2765,0.91299,61.2
4,d1,22,31108.0,0.0002181,0.018002,34.3186,0.91006,61.1
4,d1,23,32522.0,0.000211,0.017943,34.2816,0.9134,61.0
4,d1,24,33936.0,0.0002038,0.017921,34.3225,0.91426,60.9
4,d1,25,35350.0,0.0001964,0.017886,34.0483,0.91584,61.1
4,d1,26,36764.0,0.0001888,0.017868,34.3154,0.91636,61.4
4,d1,27,38178.0,0.0001812,0.017744,34.3218,0.91621,61.3
4,d1,28,39592.0,0.0001735,0.017777,34.4049,0.91659,61.1
4,d1,29,41006.0,0.0001657,0.017735,34.332,0.91654,61.3
4,d1,30,42420.0,0.0001579,0.017697,34.3868,0.91728,61.3
4,d1,31,43834.0,0.00015,0.017709,34.4193,0.91806,60.9
4,d1,32,45248.0,0.0001421,0.017627,34.2852,0.91824,61.3
4,d1,33,46662.0,0.0001343,0.017599,34.4971,0.91612,61.4
4,d1,34,48076.0,0.0001265,0.017573,34.5072,0.91838,61.3
4,d1,35,49490.0,0.0001188,0.017569,34.5208,0.91748,61.4
4,d1,36,50904.0,0.0001112,0.017502,34.378,0.91944,61.1
4,d1,37,52318.0,0.0001036,0.017456,34.5174,0.91758,61.4
4,d1,38,53732.0,9.624e-05,0.017468,34.4676,0.91994,61.3
4,d1,39,55146.0,8.899e-05,0.017452,34.5885,0.91925,61.1
4,d1,40,56560.0,8.19e-05,0.017402,34.5387,0.9186,61.5
4,d1,41,57974.0,7.5e-05,0.017316,34.499,0.9199,61.4
4,d1,42,59388.0,6.83e-05,0.017372,34.6445,0.91894,61.5
4,d1,43,60802.0,6.183e-05,0.017353,34.6125,0.91992,61.2
4,d1,44,62216.0,5.56e-05,0.017302,34.6584,0.91854,61.3
4,d1,45,63630.0,4.963e-05,0.017323,34.6426,0.92012,61.2
4,d1,46,65044.0,4.393e-05,0.017277,34.6083,0.92067,61.3
4,d1,47,66458.0,3.853e-05,0.017252,34.677,0.91984,61.4
4,d1,48,67872.0,3.343e-05,0.017221,34.6189,0.92079,61.3
4,d1,49,69286.0,2.865e-05,0.017263,34.6623,0.92058,61.2
4,d1,50,70700.0,2.42e-05,0.017216,34.6527,0.92101,61.4
4,d1,51,72114.0,2.01e-05,0.017197,34.636,0.92105,61.5
4,d1,52,73528.0,1.635e-05,0.017184,34.6874,0.9209,61.7
4,d1,53,74942.0,1.297e-05,0.017216,34.7062,0.92076,61.5
4,d1,54,76356.0,9.963e-06,0.017147,34.688,0.92126,61.2
4,d1,55,77770.0,7.342e-06,0.017153,34.7063,0.92108,60.6
4,d1,56,79184.0,5.111e-06,0.017164,34.721,0.92062,60.7
4,d1,57,80598.0,3.278e-06,0.017175,34.7202,0.92098,60.8
4,d1,58,82012.0,1.847e-06,0.017191,34.726,0.92078,60.7
4,d1,59,83426.0,8.217e-07,0.017108,34.7164,0.92105,60.5
4,d1,60,84840.0,2.056e-07,0.017167,34.7171,0.92101,60.5
4,d15,1,1414.0,0.0003,0.020768,33.2994,0.89769,63.0
4,d15,2,2828.0,0.0002998,0.019609,33.4503,0.90056,61.7
4,d15,3,4242.0,0.0002992,0.019359,33.4403,0.90409,61.7
4,d15,4,5656.0,0.0002982,0.019259,33.6722,0.90325,61.9
4,d15,5,7070.0,0.0002967,0.019234,33.7468,0.90447,61.7
4,d15,6,8484.0,0.0002949,0.019156,33.722,0.90589,61.6
4,d15,7,9898.0,0.0002927,0.018962,33.8573,0.90622,61.7
4,d15,8,11312.0,0.00029,0.018991,33.8312,0.90543,61.7
4,d15,9,12726.0,0.000287,0.018853,33.8177,0.90776,61.9
4,d15,10,14140.0,0.0002837,0.01887,33.9807,0.90801,61.7
4,d15,11,15554.0,0.0002799,0.018755,33.9347,0.90734,61.1
4,d15,12,16968.0,0.0002758,0.018698,34.1121,0.9067,61.0
4,d15,13,18382.0,0.0002714,0.018641,34.0178,0.9087,61.3
4,d15,14,19796.0,0.0002666,0.018536,33.9178,0.9096,61.5
4,d15,15,21210.0,0.0002615,0.018525,34.0894,0.90854,61.6
4,d15,16,22624.0,0.0002561,0.018419,34.208,0.90749,61.3
4,d15,17,24038.0,0.0002504,0.018429,33.9827,0.91103,61.1
4,d15,18,25452.0,0.0002444,0.01838,34.2241,0.90918,61.5
4,d15,19,26866.0,0.0002382,0.018362,34.0742,0.91174,61.2
4,d15,20,28280.0,0.0002317,0.018237,34.1305,0.91248,61.2
4,d15,21,29694.0,0.000225,0.018263,34.2662,0.91067,61.4
4,d15,22,31108.0,0.0002181,0.01825,34.2702,0.91265,61.6
4,d15,23,32522.0,0.000211,0.018252,34.3636,0.91261,61.3
4,d15,24,33936.0,0.0002038,0.018126,34.3786,0.91204,61.3
4,d15,25,35350.0,0.0001964,0.018171,34.2608,0.91326,61.2
4,d15,26,36764.0,0.0001888,0.018084,34.3259,0.91351,61.8
4,d15,27,38178.0,0.0001812,0.01803,34.4402,0.91303,61.6
4,d15,28,39592.0,0.0001735,0.018024,34.3731,0.91418,61.5
4,d15,29,41006.0,0.0001657,0.017928,34.4598,0.91567,61.3
4,d15,30,42420.0,0.0001579,0.01785,34.5424,0.91562,61.5
4,d15,31,43834.0,0.00015,0.017786,34.6045,0.91653,61.8
4,d15,32,45248.0,0.0001421,0.017669,34.537,0.91797,61.8
4,d15,33,46662.0,0.0001343,0.017555,34.7026,0.91797,61.6
4,d15,34,48076.0,0.0001265,0.017579,34.6833,0.92031,61.5
4,d15,35,49490.0,0.0001188,0.017451,34.6931,0.91977,62.0
4,d15,36,50904.0,0.0001112,0.01737,34.6278,0.92147,61.9
4,d15,37,52318.0,0.0001036,0.017312,34.7122,0.92085,62.3
4,d15,38,53732.0,9.624e-05,0.017337,34.6859,0.92215,62.0
4,d15,39,55146.0,8.899e-05,0.017231,34.7894,0.92309,62.0
4,d15,40,56560.0,8.19e-05,0.017183,34.8537,0.92226,61.8
4,d15,41,57974.0,7.5e-05,0.017119,34.8073,0.92233,61.6
4,d15,42,59388.0,6.83e-05,0.017094,34.847,0.92324,61.7
4,d15,43,60802.0,6.183e-05,0.017141,34.827,0.92275,62.0
4,d15,44,62216.0,5.56e-05,0.016999,34.799,0.92416,61.6
4,d15,45,63630.0,4.963e-05,0.017072,34.8798,0.92418,61.7
4,d15,46,65044.0,4.393e-05,0.017027,34.8228,0.9244,61.3
4,d15,47,66458.0,3.853e-05,0.016971,34.8856,0.9238,61.7
4,d15,48,67872.0,3.343e-05,0.016873,34.9509,0.92365,61.4
4,d15,49,69286.0,2.865e-05,0.016906,34.9485,0.92435,61.5
4,d15,50,70700.0,2.42e-05,0.016915,34.8769,0.92526,61.9
4,d15,51,72114.0,2.01e-05,0.016883,34.9525,0.92474,61.7
4,d15,52,73528.0,1.635e-05,0.01687,34.9436,0.92524,62.0
4,d15,53,74942.0,1.297e-05,0.016897,34.9675,0.92491,61.7
4,d15,54,76356.0,9.963e-06,0.016793,34.9603,0.92531,61.5
4,d15,55,77770.0,7.342e-06,0.016833,34.9544,0.9256,61.8
4,d15,56,79184.0,5.111e-06,0.016838,34.9692,0.92554,61.7
4,d15,57,80598.0,3.278e-06,0.016844,34.9638,0.92561,61.5
4,d15,58,82012.0,1.847e-06,0.016832,34.978,0.9254,61.7
4,d15,59,83426.0,8.217e-07,0.016817,34.9761,0.92553,61.4
4,d15,60,84840.0,2.056e-07,0.016823,34.9777,0.92553,61.2
4,d2,1,1414.0,0.0003,0.023234,32.5495,0.87162,62.7
4,d2,2,2828.0,0.0002998,0.021876,32.6032,0.87651,61.9
4,d2,3,4242.0,0.0002992,0.02157,32.55,0.87935,61.7
4,d2,4,5656.0,0.0002982,0.021497,32.818,0.87961,61.5
4,d2,5,7070.0,0.0002967,0.021408,32.982,0.87931,61.6
4,d2,6,8484.0,0.0002949,0.021316,32.9154,0.88199,61.6
4,d2,7,9898.0,0.0002927,0.021022,32.9507,0.88251,61.7
4,d2,8,11312.0,0.00029,0.021025,33.0877,0.88405,61.8
4,d2,9,12726.0,0.000287,0.020823,33.022,0.88513,61.6
4,d2,10,14140.0,0.0002837,0.020842,33.2755,0.8852,61.6
4,d2,11,15554.0,0.0002799,0.020712,33.2575,0.88499,61.8
4,d2,12,16968.0,0.0002758,0.020641,33.4051,0.8847,61.8
4,d2,13,18382.0,0.0002714,0.020612,33.3752,0.88506,61.6
4,d2,14,19796.0,0.0002666,0.020468,33.2344,0.88854,61.6
4,d2,15,21210.0,0.0002615,0.020471,33.3214,0.88529,61.8
4,d2,16,22624.0,0.0002561,0.020376,33.2634,0.88194,61.6
4,d2,17,24038.0,0.0002504,0.020402,33.2959,0.88971,61.6
4,d2,18,25452.0,0.0002444,0.020343,33.4083,0.88689,61.5
4,d2,19,26866.0,0.0002382,0.020312,33.3501,0.89005,61.7
4,d2,20,28280.0,0.0002317,0.020178,33.4365,0.89052,61.9
4,d2,21,29694.0,0.000225,0.020221,33.5124,0.88804,61.6
4,d2,22,31108.0,0.0002181,0.020187,33.5228,0.89076,61.5
4,d2,23,32522.0,0.000211,0.020195,33.5399,0.89109,61.8
4,d2,24,33936.0,0.0002038,0.020057,33.5623,0.8904,61.8
4,d2,25,35350.0,0.0001964,0.020115,33.5257,0.89145,61.5
4,d2,26,36764.0,0.0001888,0.02004,33.5126,0.89166,61.6
4,d2,27,38178.0,0.0001812,0.019979,33.6395,0.89257,62.0
4,d2,28,39592.0,0.0001735,0.019976,33.6167,0.89135,61.7
4,d2,29,41006.0,0.0001657,0.019946,33.5955,0.89223,61.9
4,d2,30,42420.0,0.0001579,0.019899,33.6938,0.89114,61.5
4,d2,31,43834.0,0.00015,0.019913,33.6924,0.89345,61.5
4,d2,32,45248.0,0.0001421,0.019872,33.6404,0.89377,61.9
4,d2,33,46662.0,0.0001343,0.019776,33.7286,0.89125,61.9
4,d2,34,48076.0,0.0001265,0.019827,33.6512,0.89604,61.9
4,d2,35,49490.0,0.0001188,0.019743,33.6473,0.89512,61.9
4,d2,36,50904.0,0.0001112,0.019676,33.5232,0.89656,61.6
4,d2,37,52318.0,0.0001036,0.019657,33.7498,0.89488,61.6
4,d2,38,53732.0,9.624e-05,0.019703,33.7385,0.89583,61.7
4,d2,39,55146.0,8.899e-05,0.019599,33.7985,0.8957,61.9
4,d2,40,56560.0,8.19e-05,0.019563,33.8068,0.89647,61.6
4,d2,41,57974.0,7.5e-05,0.019492,33.7526,0.89689,61.6
4,d2,42,59388.0,6.83e-05,0.019534,33.8045,0.89753,61.7
4,d2,43,60802.0,6.183e-05,0.019554,33.8067,0.896,61.7
4,d2,44,62216.0,5.56e-05,0.01942,33.8033,0.89788,61.9
4,d2,45,63630.0,4.963e-05,0.019504,33.851,0.89746,61.8
4,d2,46,65044.0,4.393e-05,0.019458,33.7943,0.89779,61.7
4,d2,47,66458.0,3.853e-05,0.019413,33.8446,0.89737,61.6
4,d2,48,67872.0,3.343e-05,0.019293,33.9025,0.8974,62.0
4,d2,49,69286.0,2.865e-05,0.019381,33.8907,0.89811,61.3
4,d2,50,70700.0,2.42e-05,0.019331,33.8347,0.89908,61.9
4,d2,51,72114.0,2.01e-05,0.019359,33.8867,0.89838,61.2
4,d2,52,73528.0,1.635e-05,0.019362,33.915,0.89837,61.3
4,d2,53,74942.0,1.297e-05,0.019366,33.915,0.89819,61.2
4,d2,54,76356.0,9.963e-06,0.019256,33.9083,0.89875,61.0
4,d2,55,77770.0,7.342e-06,0.019272,33.8804,0.89849,61.2
4,d2,56,79184.0,5.111e-06,0.019302,33.92,0.89855,61.2
4,d2,57,80598.0,3.278e-06,0.019372,33.911,0.89865,61.1
4,d2,58,82012.0,1.847e-06,0.019328,33.9169,0.89861,61.1
4,d2,59,83426.0,8.217e-07,0.019311,33.918,0.89864,60.9
4,d2,60,84840.0,2.056e-07,0.019313,33.9175,0.89864,61.0
4,d3,1,1414.0,0.0003,0.03747,27.416,0.70565,1069.3
4,d3,2,2828.0,0.0002998,0.037237,27.5742,0.70674,1066.3
4,d3,3,4242.0,0.0002992,0.036756,27.4062,0.70991,1066.9
4,d3,4,5656.0,0.0002982,0.036524,27.4409,0.71314,1063.9
4,d3,5,7070.0,0.0002967,0.036281,27.5441,0.71361,1065.7
4,d3,6,8484.0,0.0002949,0.036145,27.6795,0.71677,1064.8
4,d3,7,9898.0,0.0002927,0.035878,27.742,0.717,1065.3
4,d3,8,11312.0,0.00029,0.035863,27.7609,0.71778,1067.6
4,d3,9,12726.0,0.000287,0.035665,27.6553,0.71991,1064.3
4,d3,10,14140.0,0.0002837,0.035579,27.8431,0.7217,1067.5
4,d3,11,15554.0,0.0002799,0.035489,27.8205,0.72276,1066.1
4,d3,12,16968.0,0.0002758,0.035434,27.7727,0.72433,1064.3
4,d3,13,18382.0,0.0002714,0.035358,27.9019,0.72373,1065.0
4,d3,14,19796.0,0.0002666,0.035253,27.8455,0.72386,1066.4
4,d3,15,21210.0,0.0002615,0.035205,27.8596,0.72389,1067.4
4,d3,16,22624.0,0.0002561,0.035162,27.9392,0.7236,1066.6
4,d3,17,24038.0,0.0002504,0.035132,27.833,0.72613,1066.0
4,d3,18,25452.0,0.0002444,0.035092,27.8779,0.72617,1067.7
4,d3,19,26866.0,0.0002382,0.035072,27.844,0.72681,1068.6
4,d3,20,28280.0,0.0002317,0.035019,27.8715,0.72798,1067.4
4,d3,21,29694.0,0.000225,0.035003,27.9236,0.72682,1066.3
4,d3,22,31108.0,0.0002181,0.034943,27.9617,0.72759,1067.8
4,d3,23,32522.0,0.000211,0.034894,27.9651,0.72678,1066.7
4,d3,24,33936.0,0.0002038,0.034866,27.9688,0.72976,1067.0
4,d3,25,35350.0,0.0001964,0.03487,27.9503,0.72884,1066.8
4,d3,26,36764.0,0.0001888,0.034806,27.9715,0.72932,1066.0
4,d3,27,38178.0,0.0001812,0.034736,27.9879,0.73025,1067.3
4,d3,28,39592.0,0.0001735,0.034771,27.9855,0.72999,1066.0
4,d3,29,41006.0,0.0001657,0.034723,27.9587,0.72934,1068.7
4,d3,30,42420.0,0.0001579,0.034707,27.9774,0.72874,1068.4
4,d3,31,43834.0,0.00015,0.034701,27.9789,0.73074,1068.4
4,d3,32,45248.0,0.0001421,0.034658,27.9779,0.73118,1068.9
4,d3,33,46662.0,0.0001343,0.034654,28.0278,0.73058,1070.4
4,d3,34,48076.0,0.0001265,0.034658,28.0468,0.73132,1071.9
4,d3,35,49490.0,0.0001188,0.034646,28.013,0.7309,1072.3
4,d3,36,50904.0,0.0001112,0.034627,28.0262,0.73251,1069.3
4,d3,37,52318.0,0.0001036,0.034547,28.0756,0.73245,1067.0
4,d3,38,53732.0,9.624e-05,0.034528,28.0519,0.73173,1066.1
4,d3,39,55146.0,8.899e-05,0.034486,28.054,0.73232,1068.6
4,d3,40,56560.0,8.19e-05,0.034525,28.0463,0.73192,1068.5
4,d3,41,57974.0,7.5e-05,0.034368,28.0451,0.73239,1066.5
4,d3,42,59388.0,6.83e-05,0.034454,28.0477,0.73314,1068.1
4,d3,43,60802.0,6.183e-05,0.03446,28.0814,0.73294,1070.4
4,d3,44,62216.0,5.56e-05,0.034413,28.1204,0.73284,1070.6
4,d3,45,63630.0,4.963e-05,0.034364,28.0741,0.73358,1065.5
4,d3,46,65044.0,4.393e-05,0.034386,28.08,0.73282,1067.9
4,d3,47,66458.0,3.853e-05,0.034404,28.0942,0.73352,1069.5
4,d3,48,67872.0,3.343e-05,0.034298,28.1116,0.73339,1067.2
4,d3,49,69286.0,2.865e-05,0.034447,28.1349,0.73332,1068.6
4,d3,50,70700.0,2.42e-05,0.034346,28.1218,0.73358,1065.7
4,d3,51,72114.0,2.01e-05,0.034289,28.1128,0.73367,1065.9
4,d3,52,73528.0,1.635e-05,0.034278,28.1352,0.73389,1066.1
4,d3,53,74942.0,1.297e-05,0.03431,28.1298,0.73387,1066.1
4,d3,54,76356.0,9.963e-06,0.034297,28.1354,0.73425,1069.1
4,d3,55,77770.0,7.342e-06,0.034292,28.1349,0.73387,1067.1
4,d3,56,79184.0,5.111e-06,0.034225,28.1441,0.73404,1068.0
4,d3,57,80598.0,3.278e-06,0.034284,28.1433,0.73414,1064.8
4,d3,58,82012.0,1.847e-06,0.034333,28.146,0.73418,1067.6
4,d3,59,83426.0,8.217e-07,0.034273,28.1411,0.73418,1065.8
4,d3,60,84840.0,2.056e-07,0.0343,28.1413,0.73417,1058.7
4,d3n,1,1414.0,0.0003,0.038191,27.1309,0.69927,1063.7
4,d3n,2,2828.0,0.0002998,0.037722,27.2205,0.70014,1059.0
4,d3n,3,4242.0,0.0002992,0.037362,27.2621,0.70101,1060.6
4,d3n,4,5656.0,0.0002982,0.037245,27.2369,0.70368,1059.5
4,d3n,5,7070.0,0.0002967,0.037107,27.2449,0.70388,1062.0
4,d3n,6,8484.0,0.0002949,0.037063,27.275,0.70448,1060.1
4,d3n,7,9898.0,0.0002927,0.036895,27.2859,0.70346,1060.7
4,d3n,8,11312.0,0.00029,0.036945,27.3291,0.70483,1060.0
4,d3n,9,12726.0,0.000287,0.03679,27.1336,0.70545,1067.3
4,d3n,10,14140.0,0.0002837,0.036752,27.3939,0.70626,1060.8
4,d3n,11,15554.0,0.0002799,0.036697,27.417,0.70684,1064.3
4,d3n,12,16968.0,0.0002758,0.036665,27.4421,0.70838,1069.6
4,d3n,13,18382.0,0.0002714,0.036622,27.4442,0.70765,1067.4
4,d3n,14,19796.0,0.0002666,0.036529,27.3718,0.70821,1066.2
4,d3n,15,21210.0,0.0002615,0.036503,27.3246,0.70717,1064.5
4,d3n,16,22624.0,0.0002561,0.036477,27.431,0.70664,1064.0
4,d3n,17,24038.0,0.0002504,0.036484,27.3532,0.70981,1067.1
4,d3n,18,25452.0,0.0002444,0.036452,27.3854,0.71028,1066.9
4,d3n,19,26866.0,0.0002382,0.036451,27.3657,0.71037,1065.7
4,d3n,20,28280.0,0.0002317,0.036415,27.445,0.71118,1064.9
4,d3n,21,29694.0,0.000225,0.036416,27.4138,0.70928,1066.1
4,d3n,22,31108.0,0.0002181,0.036367,27.4445,0.70941,1067.0
4,d3n,23,32522.0,0.000211,0.036334,27.4556,0.71008,1067.8
4,d3n,24,33936.0,0.0002038,0.036315,27.5064,0.71166,1066.4
4,d3n,25,35350.0,0.0001964,0.036334,27.423,0.71077,1065.3
4,d3n,26,36764.0,0.0001888,0.036281,27.4713,0.71078,1064.2
4,d3n,27,38178.0,0.0001812,0.036232,27.5086,0.71124,1064.9
4,d3n,28,39592.0,0.0001735,0.036272,27.4486,0.71108,1064.0
4,d3n,29,41006.0,0.0001657,0.036248,27.4482,0.71067,1069.4
4,d3n,30,42420.0,0.0001579,0.036232,27.5009,0.71095,1067.8
4,d3n,31,43834.0,0.00015,0.03623,27.4761,0.71206,1066.1
4,d3n,32,45248.0,0.0001421,0.036195,27.4713,0.7117,1067.4
4,d3n,33,46662.0,0.0001343,0.036215,27.5285,0.71192,1068.0
4,d3n,34,48076.0,0.0001265,0.036206,27.4888,0.71143,1068.7
4,d3n,35,49490.0,0.0001188,0.036207,27.4538,0.71094,1065.6
4,d3n,36,50904.0,0.0001112,0.036199,27.485,0.71297,1066.8
4,d3n,37,52318.0,0.0001036,0.036132,27.5412,0.71249,1068.6
4,d3n,38,53732.0,9.624e-05,0.03611,27.5022,0.7116,1066.6
4,d3n,39,55146.0,8.899e-05,0.036073,27.4939,0.71245,1066.0
4,d3n,40,56560.0,8.19e-05,0.036143,27.4988,0.71218,1066.9
4,d3n,41,57974.0,7.5e-05,0.035984,27.4808,0.71201,1068.4
4,d3n,42,59388.0,6.83e-05,0.03607,27.5028,0.71274,1067.3
4,d3n,43,60802.0,6.183e-05,0.036093,27.5166,0.71272,1066.0
4,d3n,44,62216.0,5.56e-05,0.036036,27.5119,0.71256,1065.2
4,d3n,45,63630.0,4.963e-05,0.036006,27.517,0.713,1065.6
4,d3n,46,65044.0,4.393e-05,0.036027,27.5018,0.71305,1066.6
4,d3n,47,66458.0,3.853e-05,0.036059,27.5418,0.71285,1065.6
4,d3n,48,67872.0,3.343e-05,0.035951,27.5365,0.71289,1069.0
4,d3n,49,69286.0,2.865e-05,0.036108,27.5597,0.71289,1065.0
4,d3n,50,70700.0,2.42e-05,0.036016,27.5326,0.71303,1066.5
4,d3n,51,72114.0,2.01e-05,0.035954,27.5436,0.7132,1063.1
4,d3n,52,73528.0,1.635e-05,0.035952,27.5376,0.71344,1064.9
4,d3n,53,74942.0,1.297e-05,0.035982,27.558,0.71299,1066.5
4,d3n,54,76356.0,9.963e-06,0.035972,27.5467,0.71333,1066.0
4,d3n,55,77770.0,7.342e-06,0.035965,27.5498,0.71325,1065.4
4,d3n,56,79184.0,5.111e-06,0.035913,27.5494,0.71349,1065.4
4,d3n,57,80598.0,3.278e-06,0.035973,27.5455,0.71348,1065.8
4,d3n,58,82012.0,1.847e-06,0.036027,27.5443,0.71346,1064.9
4,d3n,59,83426.0,8.217e-07,0.035961,27.5441,0.71345,1065.7
4,d3n,60,84840.0,2.056e-07,0.03599,27.5448,0.71345,1060.8
